0.0300,0.0006, 0.0250, 0.0000, 0.0012, 0.0018, 0.0775, 0.0000, 0.0000, 0.0000, 0.0000, 0.0000, 0.0000, 0.0000, 0.0000, 0.0000, 0.0000, 0.0000
0.0600,0.0006, 0.0250, 0.0001, 0.0023, 0.0017, 0.0739, 0.0019, 0.0811, 0.0019, 0.2702, 0.0000, 0.0000, 0.0068, 0.0019, 0.0000, 0.3000, 0.0020
0.0900,0.0025, 0.0499, 0.0001, 0.0033, 0.0071, 0.1477, -0.8682, 0.0746, -0.8671, 0.2904, -0.0434, -0.0006, 0.0144, -0.8671, -0.0121, 0.2566, 0.0037
0.1200,0.0025, 0.0499, 0.0002, 0.0044, 0.0069, 0.1444, -0.7367, 0.1465, -0.7345, 0.5238, -0.0400, -0.0006, 0.0204, -0.7344, -0.0107, 0.2599, 0.0055
0.1500,0.0056, 0.0747, 0.0003, 0.0054, 0.0157, 0.2180, -0.7463, 0.1409, -0.7422, 0.5360, -0.0371, -0.0010, 0.0267, -0.7420, -0.0196, 0.2628, 0.0070
0.1800,0.0100, 0.0993, 0.0007, 0.0076, 0.0279, 0.2911, -0.7454, 0.2131, -0.7395, 0.7766, -0.0370, -0.0010, 0.0328, -0.7392, -0.0198, 0.2628, 0.0089
0.2100,0.0100, 0.0993, 0.0008, 0.0086, 0.0270, 0.2843, -0.7323, 0.2873, -0.7162, 1.0847, -0.0360, -0.0015, 0.0526, -0.7199, -0.0329, 0.2636, 0.0142
0.2400,0.0155, 0.1237, 0.0010, 0.0096, 0.0427, 0.3567, -0.7350, 0.2669, -0.7195, 1.0210, -0.0358, -0.0019, 0.0526, -0.7184, -0.0390, 0.2637, 0.0139
0.2700,0.0155, 0.1237, 0.0013, 0.0107, 0.0420, 0.3537, -0.7191, 0.3436, -0.7007, 1.2661, -0.0350, -0.0019, 0.0633, -0.6995, -0.0400, 0.2644, 0.0171
0.3000,0.0223, 0.1478, 0.0015, 0.0117, 0.0611, 0.4250, -0.7211, 0.3337, -0.6980, 1.2656, -0.0348, -0.0022, 0.0640, -0.6965, -0.0451, 0.2646, 0.0169
0.3300,0.0303, 0.1714, 0.0022, 0.0138, 0.0834, 0.4953, -0.7018, 0.4087, -0.6746, 1.5075, -0.0337, -0.0022, 0.0754, -0.6729, -0.0467, 0.2655, 0.0204
0.3600,0.0303, 0.1714, 0.0025, 0.0148, 0.0816, 0.4887, -0.6802, 0.4750, -0.6418, 1.7524, -0.0327, -0.0025, 0.0822, -0.6399, -0.0492, 0.2663, 0.0221
0.3900,0.0395, 0.1947, 0.0028, 0.0157, 0.1073, 0.5578, -0.6835, 0.4659, -0.6401, 1.7463, -0.0319, -0.0028, 0.0873, -0.6377, -0.0559, 0.2670, 0.0234
0.4200,0.0395, 0.1947, 0.0032, 0.0167, 0.1062, 0.5549, -0.6587, 0.5341, -0.6097, 1.9649, -0.0311, -0.0027, 0.0928, -0.6073, -0.0531, 0.2676, 0.0251
0.4500,0.0498, 0.2175, 0.0036, 0.0177, 0.1351, 0.6225, -0.6605, 0.5290, -0.6054, 1.9707, -0.0301, -0.0030, 0.0985, -0.6025, -0.0595, 0.2684, 0.0265
0.4800,0.0612, 0.2397, 0.0045, 0.0197, 0.1670, 0.6884, -0.6329, 0.5949, -0.5712, 2.1810, -0.0293, -0.0029, 0.1038, -0.5685, -0.0562, 0.2691, 0.0282
0.5100,0.0612, 0.2397, 0.0050, 0.0206, 0.1644, 0.6822, -0.6003, 0.6619, -0.5247, 2.4111, -0.0261, -0.0029, 0.1206, -0.5212, -0.0601, 0.2718, 0.0331
0.5400,0.0737, 0.2613, 0.0055, 0.0214, 0.1994, 0.7464, -0.6093, 0.6431, -0.5268, 2.3742, -0.0259, -0.0032, 0.1201, -0.5229, -0.0639, 0.2720, 0.0328
0.5700,0.0737, 0.2613, 0.0060, 0.0224, 0.1980, 0.7437, -0.5734, 0.7112, -0.4851, 2.5803, -0.0241, -0.0029, 0.1290, -0.4814, -0.0599, 0.2734, 0.0357
0.6000,0.0873, 0.2823, 0.0065, 0.0232, 0.2360, 0.8059, -0.5776, 0.7025, -0.4818, 2.5712, -0.0238, -0.0031, 0.1292, -0.4778, -0.0624, 0.2737, 0.0356
0.6300,0.1020, 0.3026, 0.0077, 0.0251, 0.2768, 0.8660, -0.5390, 0.7677, -0.4361, 2.7684, -0.0216, -0.0028, 0.1384, -0.4322, -0.0580, 0.2755, 0.0385
0.6600,0.1020, 0.3026, 0.0083, 0.0259, 0.2734, 0.8603, -0.4999, 0.8242, -0.3733, 2.9626, -0.0187, -0.0027, 0.1478, -0.3692, -0.0549, 0.2781, 0.0415
0.6900,0.1176, 0.3221, 0.0089, 0.0267, 0.3170, 0.9183, -0.5091, 0.8120, -0.3836, 2.9276, -0.0190, -0.0028, 0.1464, -0.3795, -0.0563, 0.2778, 0.0409
0.7200,0.1176, 0.3221, 0.0095, 0.0275, 0.3153, 0.9158, -0.4629, 0.8741, -0.3221, 3.1173, -0.0161, -0.0025, 0.1556, -0.3182, -0.0498, 0.2803, 0.0440
0.7500,0.1342, 0.3408, 0.0102, 0.0283, 0.3615, 0.9713, -0.4699, 0.8647, -0.3300, 3.0905, -0.0163, -0.0026, 0.1545, -0.3260, -0.0510, 0.2801, 0.0436
0.7800,0.1516, 0.3587, 0.0116, 0.0299, 0.4103, 1.0242, -0.4214, 0.9238, -0.2659, 3.2664, -0.0133, -0.0022, 0.1631, -0.2624, -0.0431, 0.2827, 0.0466
0.8100,0.1516, 0.3587, 0.0122, 0.0306, 0.4062, 1.0191, -0.3759, 0.9726, -0.2127, 3.4026, -0.0105, -0.0017, 0.1701, -0.2098, -0.0353, 0.2852, 0.0490
0.8400,0.1700, 0.3756, 0.0130, 0.0313, 0.4575, 1.0695, -0.3853, 0.9621, -0.2181, 3.3772, -0.0107, -0.0018, 0.1689, -0.2150, -0.0367, 0.2850, 0.0486
0.8700,0.1700, 0.3756, 0.0137, 0.0321, 0.4555, 1.0674, -0.3315, 1.0160, -0.1560, 3.5240, -0.0077, -0.0013, 0.1762, -0.1537, -0.0268, 0.2877, 0.0513
0.9000,0.1892, 0.3917, 0.0145, 0.0327, 0.5090, 1.1148, -0.3391, 1.0078, -0.1581, 3.5050, -0.0078, -0.0014, 0.1753, -0.1557, -0.0276, 0.2876, 0.0509
0.9300,0.2092, 0.4067, 0.0161, 0.0341, 0.5646, 1.1593, -0.2833, 1.0584, -0.0944, 3.6385, -0.0046, -0.0008, 0.1819, -0.0929, -0.0168, 0.2904, 0.0534
0.9600,0.2092, 0.4067, 0.0169, 0.0347, 0.5599, 1.1550, -0.2309, 1.0994, -0.0223, 3.7438, -0.0012, -0.0002, 0.1872, -0.0219, -0.0041, 0.2935, 0.0556
0.9900,0.2298, 0.4207, 0.0177, 0.0353, 0.6176, 1.1967, -0.2424, 1.0903, -0.0353, 3.7213, -0.0017, -0.0003, 0.1861, -0.0347, -0.0065, 0.2931, 0.0552
1.0200,0.2298, 0.4207, 0.0185, 0.0359, 0.6153, 1.1949, -0.1811, 1.1350, 0.0382, 3.8290, 0.0017, 0.0003, 0.1915, 0.0375, 0.0073, 0.2962, 0.0574
1.0500,0.2512, 0.4337, 0.0194, 0.0364, 0.6749, 1.2333, -0.1901, 1.1281, 0.0280, 3.8123, 0.0014, 0.0003, 0.1906, 0.0275, 0.0053, 0.2959, 0.0571
1.0800,0.2732, 0.4456, 0.0212, 0.0375, 0.7362, 1.2685, -0.1272, 1.1692, 0.1022, 3.9055, 0.0049, 0.0010, 0.1953, 0.1002, 0.0198, 0.2992, 0.0592
1.1100,0.2732, 0.4456, 0.0220, 0.0380, 0.7309, 1.2650, -0.0701, 1.2013, 0.1644, 3.9736, 0.0081, 0.0016, 0.1987, 0.1612, 0.0322, 0.3022, 0.0608
1.1400,0.2958, 0.4564, 0.0229, 0.0384, 0.7939, 1.2970, -0.0815, 1.1943, 0.1548, 3.9568, 0.0076, 0.0015, 0.1978, 0.1518, 0.0304, 0.3018, 0.0605
1.1700,0.2958, 0.4564, 0.0238, 0.0389, 0.7914, 1.2957, -0.0149, 1.2286, 0.2269, 4.0252, 0.0094, 0.0019, 0.1996, 0.2224, 0.0446, 0.3034, 0.0613
1.2000,0.3188, 0.4660, 0.0247, 0.0393, 0.8556, 1.3241, -0.0244, 1.2234, 0.2199, 4.0123, 0.0108, 0.0022, 0.2006, 0.2162, 0.0440, 0.3048, 0.0620
1.2300,0.3423, 0.4745, 0.0267, 0.0401, 0.9211, 1.3491, 0.0434, 1.2538, 0.2924, 4.0667, 0.0125, 0.0026, 0.2020, 0.2865, 0.0583, 0.3065, 0.0627
1.2600,0.3423, 0.4745, 0.0275, 0.0404, 0.9155, 1.3466, 0.1097, 1.2789, 0.3679, 4.0993, 0.0179, 0.0037, 0.2051, 0.3581, 0.0742, 0.3116, 0.0648
1.2900,0.3663, 0.4818, 0.0285, 0.0407, 0.9822, 1.3682, 0.0917, 1.2711, 0.3485, 4.0862, 0.0175, 0.0036, 0.2046, 0.3412, 0.0709, 0.3113, 0.0646
1.3200,0.3663, 0.4818, 0.0294, 0.0410, 0.9796, 1.3673, 0.1621, 1.2941, 0.4230, 4.1124, 0.0206, 0.0043, 0.2057, 0.4125, 0.0858, 0.3143, 0.0656
1.3500,0.3905, 0.4879, 0.0304, 0.0413, 1.0471, 1.3852, 0.1534, 1.2912, 0.4139, 4.1090, 0.0205, 0.0043, 0.2055, 0.4051, 0.0845, 0.3142, 0.0655
1.3800,0.4150, 0.4927, 0.0324, 0.0418, 1.1154, 1.3995, 0.2242, 1.3101, 0.4876, 4.1217, 0.0238, 0.0050, 0.2061, 0.4773, 0.0998, 0.3175, 0.0664
1.4100,0.4150, 0.4927, 0.0334, 0.0420, 1.1095, 1.3980, 0.2887, 1.3232, 0.5534, 4.1203, 0.0271, 0.0057, 0.2060, 0.5417, 0.1132, 0.3207, 0.0670
1.4400,0.4397, 0.4964, 0.0343, 0.0421, 1.1785, 1.4086, 0.2761, 1.3202, 0.5403, 4.1196, 0.0264, 0.0055, 0.2060, 0.5289, 0.1105, 0.3201, 0.0669
1.4700,0.4397, 0.4964, 0.0353, 0.0423, 1.1757, 1.4082, 0.3497, 1.3318, 0.6147, 4.1071, 0.0301, 0.0063, 0.2054, 0.6018, 0.1255, 0.3238, 0.0675
1.5000,0.4646, 0.4987, 0.0363, 0.0424, 1.2450, 1.4151, 0.3392, 1.3301, 0.6034, 4.1096, 0.0295, 0.0062, 0.2055, 0.5908, 0.1231, 0.3232, 0.0674
1.5300,0.4896, 0.4999, 0.0384, 0.0425, 1.3145, 1.4184, 0.4130, 1.3376, 0.6772, 4.0839, 0.0332, 0.0069, 0.2042, 0.6631, 0.1377, 0.3269, 0.0677
1.5600,0.4896, 0.4999, 0.0393, 0.0425, 1.3085, 1.4179, 0.4778, 1.3402, 0.7377, 4.0554, 0.0362, 0.0074, 0.2027, 0.7226, 0.1484, 0.3300, 0.0678
1.5900,0.5146, 0.4998, 0.0403, 0.0425, 1.3782, 1.4175, 0.4655, 1.3395, 0.7257, 4.0611, 0.0355, 0.0073, 0.2031, 0.7108, 0.1463, 0.3294, 0.0678
1.6200,0.5146, 0.4998, 0.0413, 0.0425, 1.3755, 1.4175, 0.5399, 1.3391, 0.7957, 4.0159, 0.0391, 0.0080, 0.2006, 0.7798, 0.1584, 0.3330, 0.0677
1.6500,0.5396, 0.4984, 0.0423, 0.0425, 1.4449, 1.4133, 0.5294, 1.3393, 0.7859, 4.0227, 0.0385, 0.0078, 0.2011, 0.7701, 0.1569, 0.3325, 0.0678
1.6800,0.5644, 0.4958, 0.0444, 0.0423, 1.5141, 1.4054, 0.6035, 1.3348, 0.8542, 3.9671, 0.0420, 0.0084, 0.1981, 0.8375, 0.1679, 0.3361, 0.0675
1.7100,0.5644, 0.4958, 0.0453, 0.0422, 1.5081, 1.4060, 0.6682, 1.3273, 0.9166, 3.8986, 0.0449, 0.0090, 0.1949, 0.8990, 0.1791, 0.3393, 0.0671
1.7400,0.5891, 0.4920, 0.0463, 0.0420, 1.5770, 1.3944, 0.6557, 1.3287, 0.9020, 3.9183, 0.0442, 0.0088, 0.1960, 0.8848, 0.1758, 0.3385, 0.0672
1.7700,0.5891, 0.4920, 0.0473, 0.0418, 1.5743, 1.3950, 0.7296, 1.3164, 0.9719, 3.8305, 0.0477, 0.0094, 0.1915, 0.9538, 0.1871, 0.3422, 0.0665
1.8000,0.6136, 0.4869, 0.0482, 0.0416, 1.6424, 1.3798, 0.7190, 1.3185, 0.9584, 3.8539, 0.0470, 0.0092, 0.1928, 0.9406, 0.1838, 0.3414, 0.0666
1.8300,0.6378, 0.4806, 0.0503, 0.0411, 1.7097, 1.3610, 0.7921, 1.3022, 1.0268, 3.7546, 0.0504, 0.0098, 0.1877, 1.0083, 0.1941, 0.3451, 0.0658
1.8600,0.6378, 0.4806, 0.0512, 0.0409, 1.7038, 1.3625, 0.8546, 1.2845, 1.0749, 3.6892, 0.0529, 0.0099, 0.1841, 1.0568, 0.1964, 0.3479, 0.0648
1.8900,0.6616, 0.4732, 0.0521, 0.0405, 1.7703, 1.3401, 0.8435, 1.2883, 1.0654, 3.7057, 0.0524, 0.0098, 0.1853, 1.0473, 0.1958, 0.3472, 0.0650
1.9200,0.6616, 0.4732, 0.0531, 0.0402, 1.7676, 1.3411, 0.9144, 1.2641, 1.1249, 3.6038, 0.0555, 0.0101, 0.1796, 1.1069, 0.2003, 0.3507, 0.0637
1.9500,0.6851, 0.4645, 0.0540, 0.0398, 1.8329, 1.3152, 0.9046, 1.2682, 1.1172, 3.6186, 0.0550, 0.0100, 0.1809, 1.0991, 0.2006, 0.3501, 0.0640
1.9800,0.7081, 0.4546, 0.0559, 0.0390, 1.8968, 1.2859, 0.9743, 1.2403, 1.1745, 3.5092, 0.0580, 0.0103, 0.1748, 1.1567, 0.2035, 0.3534, 0.0625
2.0100,0.7081, 0.4546, 0.0568, 0.0386, 1.8912, 1.2885, 1.0341, 1.2132, 1.2300, 3.3801, 0.0606, 0.0106, 0.1690, 1.2118, 0.2108, 0.3563, 0.0611
2.0400,0.7305, 0.4437, 0.0577, 0.0382, 1.9538, 1.2557, 1.0227, 1.2188, 1.2157, 3.4209, 0.0598, 0.0103, 0.1713, 1.1979, 0.2076, 0.3554, 0.0615
2.0700,0.7305, 0.4437, 0.0586, 0.0377, 1.9513, 1.2571, 1.0902, 1.1835, 1.2758, 3.2687, 0.0629, 0.0107, 0.1634, 1.2580, 0.2124, 0.3589, 0.0596
2.1000,0.7524, 0.4316, 0.0595, 0.0372, 2.0122, 1.2211, 1.0804, 1.1893, 1.2624, 3.3137, 0.0622, 0.0104, 0.1660, 1.2450, 0.2089, 0.3581, 0.0600
2.1300,0.7737, 0.4184, 0.0613, 0.0360, 2.0713, 1.1820, 1.1462, 1.1505, 1.3202, 3.1523, 0.0651, 0.0108, 0.1576, 1.3030, 0.2125, 0.3614, 0.0578
2.1600,0.7737, 0.4184, 0.0621, 0.0355, 2.0660, 1.1854, 1.2008, 1.1144, 1.3557, 3.0656, 0.0671, 0.0104, 0.1526, 1.3401, 0.2053, 0.3636, 0.0560
2.1900,0.7943, 0.4042, 0.0628, 0.0349, 2.1234, 1.1431, 1.1915, 1.1219, 1.3488, 3.0896, 0.0666, 0.0103, 0.1545, 1.3329, 0.2067, 0.3631, 0.0565
2.2200,0.7943, 0.4042, 0.0637, 0.0343, 2.1211, 1.1449, 1.2527, 1.0763, 1.3952, 2.9461, 0.0692, 0.0103, 0.1462, 1.3805, 0.2018, 0.3660, 0.0540
2.2500,0.8141, 0.3890, 0.0645, 0.0337, 2.1762, 1.0996, 1.2443, 1.0839, 1.3899, 2.9652, 0.0687, 0.0102, 0.1483, 1.3748, 0.2047, 0.3655, 0.0545
2.2800,0.8331, 0.3729, 0.0661, 0.0323, 2.2292, 1.0515, 1.3033, 1.0349, 1.4338, 2.8169, 0.0712, 0.0101, 0.1397, 1.4200, 0.1980, 0.3683, 0.0519
2.3100,0.8331, 0.3729, 0.0668, 0.0316, 2.2245, 1.0558, 1.3529, 0.9907, 1.4785, 2.6366, 0.0732, 0.0102, 0.1318, 1.4648, 0.2010, 0.3706, 0.0496
2.3400,0.8514, 0.3557, 0.0675, 0.0309, 2.2752, 1.0048, 1.3434, 0.9999, 1.4664, 2.6962, 0.0726, 0.0098, 0.1353, 1.4529, 0.1985, 0.3698, 0.0503
2.3700,0.8514, 0.3557, 0.0682, 0.0302, 2.2732, 1.0070, 1.3984, 0.9447, 1.5127, 2.4938, 0.0750, 0.0100, 0.1247, 1.5000, 0.1957, 0.3726, 0.0473
2.4000,0.8687, 0.3377, 0.0689, 0.0294, 2.3214, 0.9534, 1.3904, 0.9539, 1.5015, 2.5575, 0.0744, 0.0096, 0.1284, 1.4890, 0.1931, 0.3719, 0.0480
2.4300,0.8851, 0.3189, 0.0703, 0.0278, 2.3670, 0.8974, 1.4427, 0.8958, 1.5452, 2.3485, 0.0767, 0.0097, 0.1174, 1.5335, 0.1890, 0.3746, 0.0448
2.4600,0.8851, 0.3189, 0.0709, 0.0270, 2.3629, 0.9025, 1.4846, 0.8446, 1.5689, 2.2507, 0.0781, 0.0088, 0.1117, 1.5593, 0.1735, 0.3762, 0.0422
2.4900,0.9006, 0.2992, 0.0715, 0.0262, 2.4059, 0.8439, 1.4777, 0.8552, 1.5644, 2.2795, 0.0777, 0.0088, 0.1140, 1.5544, 0.1768, 0.3758, 0.0429
2.5200,0.9006, 0.2992, 0.0722, 0.0254, 2.4042, 0.8464, 1.5236, 0.7921, 1.5965, 2.1079, 0.0796, 0.0084, 0.1038, 1.5882, 0.1630, 0.3779, 0.0395
2.5500,0.9150, 0.2788, 0.0727, 0.0245, 2.4443, 0.7858, 1.5174, 0.8026, 1.5934, 2.1283, 0.0792, 0.0084, 0.1064, 1.5845, 0.1684, 0.3775, 0.0403
2.5800,0.9284, 0.2578, 0.0739, 0.0226, 2.4816, 0.7231, 1.5604, 0.7369, 1.6230, 1.9545, 0.0809, 0.0079, 0.0961, 1.6157, 0.1531, 0.3795, 0.0367
2.6100,0.9284, 0.2578, 0.0744, 0.0218, 2.4782, 0.7289, 1.5952, 0.6795, 1.6538, 1.7354, 0.0823, 0.0078, 0.0868, 1.6468, 0.1523, 0.3812, 0.0338
2.6400,0.9408, 0.2360, 0.0749, 0.0209, 2.5125, 0.6641, 1.5885, 0.6915, 1.6452, 1.8094, 0.0819, 0.0074, 0.0912, 1.6383, 0.1509, 0.3806, 0.0347
2.6700,0.9408, 0.2360, 0.0754, 0.0200, 2.5112, 0.6669, 1.6259, 0.6212, 1.6753, 1.5725, 0.0834, 0.0073, 0.0786, 1.6694, 0.1415, 0.3825, 0.0309
2.7000,0.9520, 0.2137, 0.0758, 0.0190, 2.5424, 0.6005, 1.6204, 0.6330, 1.6678, 1.6496, 0.0830, 0.0069, 0.0832, 1.6619, 0.1399, 0.3820, 0.0318
2.7300,0.9622, 0.1908, 0.0767, 0.0170, 2.5704, 0.5326, 1.6544, 0.5609, 1.6950, 1.4088, 0.0845, 0.0067, 0.0704, 1.6900, 0.1295, 0.3837, 0.0278
2.7600,0.9622, 0.1908, 0.0771, 0.0161, 2.5678, 0.5389, 1.6800, 0.4990, 1.7082, 1.3061, 0.0853, 0.0056, 0.0643, 1.7047, 0.1080, 0.3847, 0.0248
2.7900,0.9711, 0.1675, 0.0774, 0.0151, 2.5927, 0.4694, 1.6758, 0.5117, 1.7056, 1.3376, 0.0851, 0.0056, 0.0669, 1.7019, 0.1126, 0.3844, 0.0256
2.8200,0.9711, 0.1675, 0.0778, 0.0141, 2.5917, 0.4723, 1.7024, 0.4368, 1.7233, 1.1494, 0.0861, 0.0049, 0.0556, 1.7209, 0.0925, 0.3857, 0.0216
2.8500,0.9789, 0.1437, 0.0781, 0.0131, 2.6133, 0.4018, 1.6988, 0.4493, 1.7218, 1.1698, 0.0860, 0.0049, 0.0580, 1.7190, 0.0989, 0.3855, 0.0222
2.8800,0.9855, 0.1196, 0.0787, 0.0110, 2.6315, 0.3302, 1.7218, 0.3735, 1.7369, 0.9834, 0.0869, 0.0048, 0.0454, 1.7383, 0.0903, 0.3866, 0.0184
2.9100,0.9855, 0.1196, 0.0789, 0.0100, 2.6297, 0.3368, 1.7385, 0.3072, 1.7515, 0.7378, 0.0871, 0.0042, 0.0430, 1.7494, 0.0861, 0.3868, 0.0171
2.9400,0.9909, 0.0952, 0.0791, 0.0090, 2.6446, 0.2641, 1.7368, 0.3148, 1.7484, 0.8067, 0.0873, 0.0033, 0.0418, 1.7459, 0.0687, 0.3870, 0.0158
2.9700,0.9909, 0.0952, 0.0793, 0.0080, 2.6440, 0.2672, 1.7516, 0.2429, 1.7600, 0.5737, 0.0876, 0.0036, 0.0345, 1.7586, 0.0710, 0.3875, 0.0139
3.0000,0.9950, 0.0706, 0.0795, 0.0069, 2.6554, 0.1940, 1.7505, 0.2488, 1.7577, 0.6358, 0.0878, 0.0026, 0.0331, 1.7560, 0.0542, 0.3876, 0.0125
3.0300,0.9979, 0.0457, 0.0798, 0.0047, 2.6634, 0.1203, 1.7618, 0.1766, 1.7665, 0.4017, 0.0881, 0.0028, 0.0259, 1.7656, 0.0562, 0.3880, 0.0106
3.0600,0.9979, 0.0457, 0.0799, 0.0037, 2.6626, 0.1272, 1.7697, 0.1021, 1.7707, 0.2748, 0.0886, 0.0016, 0.0111, 1.7712, 0.0276, 0.3885, 0.0049
3.0900,0.9996, 0.0208, 0.0799, 0.0027, 2.6671, 0.0529, 1.7724, 0.0437, 1.7690, 0.3305, 0.0885, 0.0012, 0.0151, 1.7688, 0.0243, 0.3885, 0.0057
3.1200,0.9996, 0.0208, 0.0800, 0.0016, 2.6669, 0.0561, 1.7719, 0.0553, 1.7725, 0.1314, 0.0886, 0.0012, 0.0024, 1.7728, 0.0168, 0.3886, 0.0019
3.1500,1.0000, -0.0042, 0.0800, 0.0006, 2.6679, -0.0181, 1.7730, -0.0243, 1.7722, 0.1457, 0.0886, 0.0005, 0.0069, 1.7722, 0.0116, 0.3886, 0.0026
3.1800,0.9991, -0.0292, 0.0800, -0.0017, 2.6655, -0.0922, 1.7704, -0.0927, 1.7731, -0.0443, 0.0886, 0.0003, -0.0062, 1.7728, 0.0010, 0.3886, -0.0015
3.2100,0.9991, -0.0292, 0.0800, -0.0027, 2.6655, -0.0853, 1.7705, -0.0848, 1.7706, -0.2959, 0.0886, -0.0003, -0.0085, 1.7706, -0.0039, 0.3886, -0.0028
3.2400,0.9971, -0.0541, 0.0799, -0.0037, 2.6596, -0.1594, 1.7705, -0.0848, 1.7713, -0.2250, 0.0886, -0.0012, -0.0098, 1.7715, -0.0218, 0.3886, -0.0041
3.2700,0.9971, -0.0541, 0.0798, -0.0047, 2.6598, -0.1563, 1.7644, -0.1580, 1.7661, -0.4605, 0.0884, -0.0010, -0.0171, 1.7660, -0.0199, 0.3884, -0.0061
3.3000,0.9937, -0.0789, 0.0797, -0.0058, 2.6505, -0.2298, 1.7649, -0.1521, 1.7674, -0.3976, 0.0884, -0.0019, -0.0186, 1.7676, -0.0368, 0.3883, -0.0075
3.3300,0.9892, -0.1035, 0.0793, -0.0080, 2.6376, -0.3027, 1.7553, -0.2245, 1.7594, -0.6319, 0.0882, -0.0017, -0.0257, 1.7591, -0.0350, 0.3881, -0.0094
3.3600,0.9892, -0.1035, 0.0791, -0.0090, 2.6386, -0.2959, 1.7451, -0.2769, 1.7529, -0.7581, 0.0875, -0.0030, -0.0405, 1.7497, -0.0631, 0.3872, -0.0151
3.3900,0.9834, -0.1278, 0.0789, -0.0100, 2.6223, -0.3683, 1.7451, -0.2769, 1.7543, -0.7020, 0.0876, -0.0034, -0.0365, 1.7531, -0.0665, 0.3874, -0.0143
3.4200,0.9834, -0.1278, 0.0787, -0.0110, 2.6230, -0.3652, 1.7277, -0.3547, 1.7430, -0.8990, 0.0869, -0.0034, -0.0490, 1.7375, -0.0731, 0.3865, -0.0180
3.4500,0.9764, -0.1518, 0.0784, -0.0120, 2.6034, -0.4364, 1.7302, -0.3434, 1.7439, -0.8843, 0.0871, -0.0040, -0.0446, 1.7422, -0.0784, 0.3868, -0.0174
3.4800,0.9682, -0.1754, 0.0778, -0.0141, 2.5805, -0.5064, 1.6875, -0.4843, 1.7303, -1.0707, 0.0862, -0.0041, -0.0573, 1.7238, -0.0876, 0.3857, -0.0213
3.5100,0.9682, -0.1754, 0.0774, -0.0151, 2.5824, -0.4999, 1.6875, -0.4843, 1.7110, -1.3111, 0.0859, -0.0047, -0.0595, 1.7085, -0.0916, 0.3854, -0.0225
3.5400,0.9589, -0.1986, 0.0771, -0.0160, 2.5562, -0.5688, 1.6894, -0.4768, 1.7152, -1.2439, 0.0857, -0.0055, -0.0609, 1.7135, -0.1084, 0.3851, -0.0238
3.5700,0.9589, -0.1986, 0.0767, -0.0170, 2.5572, -0.5659, 1.6629, -0.5448, 1.6935, -1.4680, 0.0851, -0.0053, -0.0678, 1.6902, -0.1053, 0.3844, -0.0256
3.6000,0.9484, -0.2213, 0.0763, -0.0180, 2.5279, -0.6331, 1.6650, -0.5393, 1.6983, -1.4091, 0.0848, -0.0061, -0.0693, 1.6957, -0.1212, 0.3841, -0.0269
3.6300,0.9368, -0.2434, 0.0753, -0.0200, 2.4954, -0.6988, 1.6353, -0.6055, 1.6736, -1.6327, 0.0841, -0.0059, -0.0760, 1.6694, -0.1178, 0.3832, -0.0287
3.6600,0.9368, -0.2434, 0.0749, -0.0209, 2.4981, -0.6926, 1.6026, -0.6717, 1.6572, -1.7425, 0.0823, -0.0073, -0.0892, 1.6502, -0.1512, 0.3811, -0.0341
3.6900,0.9241, -0.2649, 0.0744, -0.0217, 2.4625, -0.7565, 1.6100, -0.6517, 1.6606, -1.6970, 0.0827, -0.0072, -0.0848, 1.6545, -0.1426, 0.3816, -0.0326
3.7200,0.9241, -0.2649, 0.0739, -0.0227, 2.4640, -0.7539, 1.5716, -0.7229, 1.6347, -1.8863, 0.0812, -0.0077, -0.0961, 1.6268, -0.1597, 0.3798, -0.0365
3.7500,0.9103, -0.2858, 0.0733, -0.0235, 2.4255, -0.8157, 1.5768, -0.7110, 1.6368, -1.8645, 0.0815, -0.0077, -0.0932, 1.6296, -0.1533, 0.3802, -0.0356
3.7800,0.8955, -0.3059, 0.0721, -0.0254, 2.3842, -0.8754, 1.5357, -0.7783, 1.6090, -2.0417, 0.0798, -0.0082, -0.1037, 1.6001, -0.1692, 0.3782, -0.0393
3.8100,0.8955, -0.3059, 0.0716, -0.0262, 2.3877, -0.8697, 1.4966, -0.8323, 1.5736, -2.2517, 0.0782, -0.0082, -0.1126, 1.5645, -0.1686, 0.3763, -0.0419
3.8400,0.8797, -0.3253, 0.0710, -0.0270, 2.3436, -0.9273, 1.4560, -0.8835, 1.5834, -2.1812, 0.0788, -0.0086, -0.1084, 1.5742, -0.1704, 0.3770, -0.0411
3.8700,0.8797, -0.3253, 0.0703, -0.0278, 2.3453, -0.9249, 1.4560, -0.8835, 1.5435, -2.3993, 0.0767, -0.0086, -0.1200, 1.5334, -0.1764, 0.3745, -0.0445
3.9000,0.8630, -0.3439, 0.0697, -0.0286, 2.2986, -0.9799, 1.4631, -0.8730, 1.5538, -2.3299, 0.0772, -0.0090, -0.1159, 1.5435, -0.1787, 0.3752, -0.0437
3.9300,0.8453, -0.3616, 0.0682, -0.0302, 2.2494, -1.0324, 1.4125, -0.9329, 1.5113, -2.5415, 0.0750, -0.0090, -0.1271, 1.5001, -0.1836, 0.3726, -0.0470
3.9600,0.8453, -0.3616, 0.0682, -0.0302, 2.2494, -1.0324, 1.3667, -0.9802, 1.4848, -2.6335, 0.0735, -0.0097, -0.1324, 1.4716, -0.1972, 0.3708, -0.0493
3.9900,0.8268, -0.3784, 0.0675, -0.0309, 2.2536, -1.0274, 1.3740, -0.9702, 1.4895, -2.6046, 0.0738, -0.0098, -0.1302, 1.4768, -0.1945, 0.3713, -0.0487
4.0200,0.8268, -0.3784, 0.0668, -0.0316, 2.2019, -1.0773, 1.3190, -1.0241, 1.4495, -2.7635, 0.0716, -0.0099, -0.1394, 1.4352, -0.2033, 0.3687, -0.0516
4.0500,0.8075, -0.3943, 0.0661, -0.0323, 2.2040, -1.0752, 1.3265, -1.0152, 1.4537, -2.7426, 0.0720, -0.0100, -0.1371, 1.4399, -0.1995, 0.3692, -0.0510
4.0800,0.7874, -0.4091, 0.0653, -0.0330, 2.1501, -1.1221, 1.3250, -1.0172, 1.4521, -2.7519, 0.0719, -0.0100, -0.1377, 1.4384, -0.1994, 0.3691, -0.0511
4.1100,0.7874, -0.4091, 0.0637, -0.0343, 2.0941, -1.1662, 1.2692, -1.0658, 1.4034, -2.9388, 0.0695, -0.0098, -0.1469, 1.3892, -0.1990, 0.3663, -0.0537
4.1400,0.7666, -0.4230, 0.0629, -0.0349, 2.0989, -1.1619, 1.2252, -1.0974, 1.3706, -3.0273, 0.0676, -0.0103, -0.1520, 1.3547, -0.2084, 0.3642, -0.0557
4.1700,0.7666, -0.4230, 0.0621, -0.0355, 2.0408, -1.2030, 1.2252, -1.0974, 1.3767, -3.0004, 0.0680, -0.0104, -0.1500, 1.3611, -0.2067, 0.3647, -0.0552
4.2000,0.7451, -0.4358, 0.0604, -0.0366, 1.9832, -1.2391, 1.1718, -1.1345, 1.3296, -3.1435, 0.0654, -0.0104, -0.1582, 1.3128, -0.2108, 0.3617, -0.0576
4.2300,0.7230, -0.4475, 0.0586, -0.0377, 1.9217, -1.2738, 1.1078, -1.1756, 1.3349, -3.1237, 0.0659, -0.0104, -0.1562, 1.3186, -0.2083, 0.3623, -0.0571
4.2600,0.7230, -0.4475, 0.0577, -0.0382, 1.9270, -1.2704, 1.0527, -1.2048, 1.2857, -3.2597, 0.0632, -0.0104, -0.1639, 1.2682, -0.2110, 0.3592, -0.0593
4.2900,0.7004, -0.4581, 0.0569, -0.0386, 1.8637, -1.3018, 0.9946, -1.2330, 1.2342, -3.3933, 0.0609, -0.0101, -0.1697, 1.2172, -0.2043, 0.3566, -0.0608
4.3200,0.7004, -0.4581, 0.0560, -0.0390, 1.8663, -1.3005, 0.9946, -1.2330, 1.1936, -3.4717, 0.0587, -0.0103, -0.1741, 1.1755, -0.2073, 0.3541, -0.0622
4.3500,0.6773, -0.4675, 0.0560, -0.0390, 1.8663, -1.3005, 1.0016, -1.2285, 1.1987, -3.4570, 0.0590, -0.0103, -0.1729, 1.1807, -0.2066, 0.3546, -0.0619
4.3800,0.6537, -0.4758, 0.0531, -0.0402, 1.7361, -1.3527, 1.0003, -1.2294, 1.1972, -3.4623, 0.0590, -0.0103, -0.1731, 1.1793, -0.2063, 0.3545, -0.0620
4.4100,0.6537, -0.4758, 0.0522, -0.0405, 1.7417, -1.3503, 0.8620, -1.2852, 1.0705, -3.7251, 0.0527, -0.0094, -0.1863, 1.0533, -0.1913, 0.3475, -0.0649
4.4400,0.6297, -0.4829, 0.0522, -0.0405, 1.7417, -1.3503, 0.8853, -1.2747, 1.1007, -3.6466, 0.0543, -0.0100, -0.1819, 1.0827, -0.1986, 0.3493, -0.0643
4.4700,0.6297, -0.4829, 0.0512, -0.0408, 1.6748, -1.3713, 0.8105, -1.2985, 1.0325, -3.7668, 0.0524, -0.0097, -0.1853, 1.0148, -0.1903, 0.3473, -0.0649
4.5000,0.6054, -0.4888, 0.0503, -0.0411, 1.6775, -1.3704, 0.8215, -1.2945, 1.0471, -3.7331, 0.0515, -0.0098, -0.1863, 1.0310, -0.1954, 0.3464, -0.0654
4.5300,0.5808, -0.4934, 0.0493, -0.0414, 1.6098, -1.3877, 0.7484, -1.3133, 0.9791, -3.8387, 0.0498, -0.0094, -0.1893, 0.9621, -0.1817, 0.3444, -0.0658
4.5600,0.5808, -0.4934, 0.0473, -0.0418, 1.5414, -1.4014, 0.6797, -1.3269, 0.9245, -3.8988, 0.0452, -0.0088, -0.1955, 0.9031, -0.1772, 0.3395, -0.0671
4.5900,0.5561, -0.4968, 0.0463, -0.0420, 1.5474, -1.3999, 0.6973, -1.3222, 0.9402, -3.8736, 0.0457, -0.0090, -0.1943, 0.9224, -0.1821, 0.3401, -0.0670
4.6200,0.5561, -0.4968, 0.0454, -0.0421, 1.4783, -1.4100, 0.6236, -1.3330, 0.8737, -3.9477, 0.0426, -0.0084, -0.1980, 0.8519, -0.1690, 0.3367, -0.0674
4.6500,0.5312, -0.4990, 0.0444, -0.0423, 1.4810, -1.4096, 0.6332, -1.3317, 0.8820, -3.9388, 0.0430, -0.0086, -0.1972, 0.8649, -0.1730, 0.3372, -0.0674
4.6800,0.5062, -0.5000, 0.0434, -0.0424, 1.4117, -1.4159, 0.5596, -1.3384, 0.8149, -4.0004, 0.0397, -0.0080, -0.2005, 0.7947, -0.1600, 0.3337, -0.0677
4.7100,0.5062, -0.5000, 0.0413, -0.0425, 1.3421, -1.4185, 0.4941, -1.3404, 0.7506, -4.0516, 0.0384, -0.0078, -0.2013, 0.7356, -0.1491, 0.3323, -0.0678
4.7400,0.4812, -0.4996, 0.0404, -0.0425, 1.3482, -1.4181, 0.5015, -1.3399, 0.7601, -4.0403, 0.0373, -0.0076, -0.2019, 0.7454, -0.1528, 0.3312, -0.0678
4.7700,0.4812, -0.4996, 0.0394, -0.0425, 1.2784, -1.4170, 0.4323, -1.3386, 0.6921, -4.0821, 0.0356, -0.0073, -0.2031, 0.6780, -0.1389, 0.3294, -0.0678
4.8000,0.4563, -0.4981, 0.0384, -0.0425, 1.2812, -1.4171, 0.4373, -1.3387, 0.6991, -4.0752, 0.0343, -0.0071, -0.2037, 0.6851, -0.1417, 0.3280, -0.0678
4.8300,0.4314, -0.4953, 0.0374, -0.0424, 1.2118, -1.4123, 0.3689, -1.3337, 0.6311, -4.1049, 0.0326, -0.0067, -0.2045, 0.6181, -0.1277, 0.3263, -0.0677
4.8600,0.4314, -0.4953, 0.0353, -0.0422, 1.1426, -1.4038, 0.2987, -1.3250, 0.5635, -4.1195, 0.0275, -0.0057, -0.2061, 0.5507, -0.1149, 0.3212, -0.0671
4.8900,0.4067, -0.4912, 0.0344, -0.0421, 1.1487, -1.4044, 0.3169, -1.3269, 0.5816, -4.1135, 0.0280, -0.0059, -0.2058, 0.5693, -0.1189, 0.3217, -0.0672
4.9200,0.4067, -0.4912, 0.0334, -0.0419, 1.0799, -1.3922, 0.2439, -1.3140, 0.5077, -4.1211, 0.0248, -0.0052, -0.2061, 0.4964, -0.1037, 0.3185, -0.0666
4.9500,0.3823, -0.4860, 0.0324, -0.0418, 1.0826, -1.3928, 0.2531, -1.3159, 0.5170, -4.1209, 0.0251, -0.0052, -0.2060, 0.5060, -0.1058, 0.3187, -0.0666
4.9800,0.3582, -0.4795, 0.0315, -0.0415, 1.0146, -1.3769, 0.1815, -1.2992, 0.4432, -4.1157, 0.0217, -0.0045, -0.2058, 0.4341, -0.0907, 0.3154, -0.0658
5.0100,0.3582, -0.4795, 0.0294, -0.0410, 0.9475, -1.3575, 0.1182, -1.2806, 0.3774, -4.0981, 0.0201, -0.0042, -0.2053, 0.3694, -0.0771, 0.3138, -0.0654
5.0400,0.3344, -0.4718, 0.0285, -0.0408, 0.9533, -1.3592, 0.1261, -1.2829, 0.3847, -4.1011, 0.0188, -0.0039, -0.2051, 0.3764, -0.0783, 0.3125, -0.0650
5.0700,0.3344, -0.4718, 0.0276, -0.0404, 0.8870, -1.3362, 0.0607, -1.2600, 0.3160, -4.0708, 0.0171, -0.0036, -0.2043, 0.3094, -0.0643, 0.3109, -0.0644
5.1000,0.3110, -0.4629, 0.0267, -0.0401, 0.8897, -1.3372, 0.0653, -1.2617, 0.3193, -4.0748, 0.0156, -0.0032, -0.2037, 0.3124, -0.0645, 0.3094, -0.0639
5.1300,0.2881, -0.4529, 0.0257, -0.0397, 0.8246, -1.3107, 0.0019, -1.2357, 0.2519, -4.0324, 0.0140, -0.0029, -0.2027, 0.2467, -0.0510, 0.3078, -0.0633
5.1600,0.2881, -0.4529, 0.0229, -0.0385, 0.7666, -1.2834, -0.0628, -1.2052, 0.1765, -3.9794, 0.0088, -0.0018, -0.1989, 0.1762, -0.0358, 0.3029, -0.0611
5.1900,0.2657, -0.4417, 0.0221, -0.0380, 0.7042, -1.2501, -0.0454, -1.2134, 0.1953, -3.9946, 0.0091, -0.0018, -0.1994, 0.1915, -0.0386, 0.3032, -0.0612
5.2200,0.2657, -0.4417, 0.0212, -0.0375, 0.7067, -1.2515, -0.1110, -1.1781, 0.1207, -3.9237, 0.0061, -0.0012, -0.1961, 0.1225, -0.0246, 0.3004, -0.0597
5.2500,0.2440, -0.4295, 0.0203, -0.0370, 0.6461, -1.2150, -0.1030, -1.1828, 0.1295, -3.9341, 0.0061, -0.0012, -0.1964, 0.1270, -0.0252, 0.3004, -0.0598
5.2800,0.2228, -0.4161, 0.0185, -0.0359, 0.5873, -1.1753, -0.2216, -1.1067, 0.0559, -3.8502, 0.0030, -0.0006, -0.1925, 0.0596, -0.0117, 0.2974, -0.0580
5.3100,0.2228, -0.4161, 0.0177, -0.0353, 0.5925, -1.1789, -0.2169, -1.1098, -0.0058, -3.7623, 0.0012, -0.0002, -0.1903, -0.0057, 0.0011, 0.2958, -0.0570
5.3400,0.2024, -0.4018, 0.0169, -0.0347, 0.5355, -1.1360, -0.2100, -1.1143, -0.0051, -3.7693, -0.0003, 0.0001, -0.1885, -0.0054, 0.0010, 0.2944, -0.0562
5.3700,0.2024, -0.4018, 0.0161, -0.0341, 0.5378, -1.1378, -0.2698, -1.0692, 0.0025, -3.7796, -0.0001, 0.0000, -0.1887, 0.0024, -0.0005, 0.2946, -0.0563
5.4000,0.1827, -0.3864, 0.0153, -0.0334, 0.4830, -1.0921, -0.2698, -1.0692, -0.0702, -3.6682, -0.0031, 0.0006, -0.1835, -0.0630, 0.0119, 0.2918, -0.0541
5.4300,0.1637, -0.3700, 0.0137, -0.0320, 0.4304, -1.0434, -0.3189, -1.0279, -0.1260, -3.5628, -0.0048, 0.0009, -0.1808, -0.1239, 0.0230, 0.2903, -0.0530
5.4600,0.1637, -0.3700, 0.0137, -0.0320, 0.4304, -1.0434, -0.3717, -0.9783, -0.1993, -3.4245, -0.0095, 0.0017, -0.1714, -0.1895, 0.0335, 0.2861, -0.0495
5.4900,0.1457, -0.3528, 0.0123, -0.0307, 0.3848, -0.9963, -0.3570, -0.9916, -0.1828, -3.4599, -0.0094, 0.0016, -0.1721, -0.1802, 0.0312, 0.2862, -0.0498
5.5200,0.1457, -0.3528, 0.0116, -0.0299, 0.3868, -0.9985, -0.4094, -0.9372, -0.2493, -3.3061, -0.0119, 0.0021, -0.1656, -0.2385, 0.0408, 0.2840, -0.0474
5.5500,0.1285, -0.3346, 0.0109, -0.0291, 0.3390, -0.9446, -0.4032, -0.9444, -0.2423, -3.3261, -0.0121, 0.0020, -0.1658, -0.2390, 0.0399, 0.2838, -0.0475
5.5800,0.1122, -0.3156, 0.0109, -0.0291, 0.3390, -0.9446, -0.4523, -0.8877, -0.3066, -3.1597, -0.0148, 0.0024, -0.1584, -0.2952, 0.0483, 0.2815, -0.0449
5.6100,0.1122, -0.3156, 0.0095, -0.0275, 0.2939, -0.8881, -0.4949, -0.8342, -0.3575, -3.0057, -0.0164, 0.0026, -0.1541, -0.3531, 0.0562, 0.2800, -0.0434
5.6400,0.0969, -0.2959, 0.0089, -0.0267, 0.2979, -0.8932, -0.4885, -0.8414, -0.3565, -3.0175, -0.0176, 0.0027, -0.1508, -0.3530, 0.0536, 0.2789, -0.0424
5.6700,0.0969, -0.2959, 0.0083, -0.0259, 0.2553, -0.8343, -0.5295, -0.7832, -0.4058, -2.8463, -0.0188, 0.0029, -0.1466, -0.4012, 0.0610, 0.2779, -0.0410
5.7000,0.0826, -0.2753, 0.0071, -0.0242, 0.2174, -0.7759, -0.5267, -0.7876, -0.4096, -2.8478, -0.0203, 0.0029, -0.1424, -0.4055, 0.0581, 0.2767, -0.0397
5.7300,0.0694, -0.2541, 0.0071, -0.0242, 0.2174, -0.7759, -0.5644, -0.7279, -0.4554, -2.6687, -0.0214, 0.0031, -0.1379, -0.4508, 0.0646, 0.2757, -0.0382
5.7600,0.0694, -0.2541, 0.0060, -0.0223, 0.1806, -0.7128, -0.6017, -0.6637, -0.5157, -2.4418, -0.0252, 0.0033, -0.1230, -0.5039, 0.0650, 0.2725, -0.0335
5.7900,0.0572, -0.2323, 0.0055, -0.0215, 0.1840, -0.7186, -0.5906, -0.6814, -0.5032, -2.4940, -0.0253, 0.0031, -0.1234, -0.4995, 0.0613, 0.2724, -0.0338
5.8200,0.0572, -0.2323, 0.0050, -0.0206, 0.1501, -0.6536, -0.6254, -0.6125, -0.5479, -2.2757, -0.0271, 0.0033, -0.1140, -0.5440, 0.0653, 0.2709, -0.0308
5.8500,0.0462, -0.2099, 0.0045, -0.0196, 0.1515, -0.6563, -0.6212, -0.6217, -0.5466, -2.2941, -0.0272, 0.0031, -0.1147, -0.5430, 0.0623, 0.2709, -0.0312
5.8800,0.0363, -0.1869, 0.0041, -0.0187, 0.1208, -0.5897, -0.6483, -0.5616, -0.5924, -2.0515, -0.0291, 0.0033, -0.1037, -0.5821, 0.0638, 0.2693, -0.0278
5.9100,0.0363, -0.1869, 0.0032, -0.0167, 0.0933, -0.5216, -0.6483, -0.5616, -0.5874, -2.0833, -0.0293, 0.0030, -0.1034, -0.5843, 0.0601, 0.2691, -0.0279
5.9400,0.0275, -0.1635, 0.0028, -0.0157, 0.0958, -0.5278, -0.6776, -0.4867, -0.6298, -1.8237, -0.0310, 0.0031, -0.0924, -0.6204, 0.0612, 0.2677, -0.0245
5.9700,0.0275, -0.1635, 0.0022, -0.0138, 0.0725, -0.4611, -0.6723, -0.5006, -0.6239, -1.8657, -0.0312, 0.0029, -0.0922, -0.6213, 0.0568, 0.2675, -0.0248
6.0000,0.0199, -0.1397, 0.0019, -0.0128, 0.0515, -0.3904, -0.6971, -0.4271, -0.6599, -1.6083, -0.0326, 0.0030, -0.0817, -0.6517, 0.0572, 0.2664, -0.0215
6.0300,0.0135, -0.1155, 0.0013, -0.0106, 0.0339, -0.3186, -0.7157, -0.3632, -0.6842, -1.3984, -0.0335, 0.0027, -0.0752, -0.6820, 0.0550, 0.2657, -0.0198
6.0600,0.0135, -0.1155, 0.0013, -0.0106, 0.0355, -0.3252, -0.7328, -0.2901, -0.7108, -1.1353, -0.0355, 0.0024, -0.0568, -0.7094, 0.0450, 0.2641, -0.0147
6.0900,0.0084, -0.0911, 0.0010, -0.0097, 0.0355, -0.3252, -0.7272, -0.3097, -0.7090, -1.1645, -0.0356, 0.0020, -0.0567, -0.7079, 0.0391, 0.2640, -0.0150
6.1200,0.0084, -0.0911, 0.0006, -0.0076, 0.0218, -0.2555, -0.7418, -0.2327, -0.7270, -0.9182, -0.0363, 0.0020, -0.0459, -0.7260, 0.0378, 0.2634, -0.0118
6.1500,0.0044, -0.0664, 0.0006, -0.0076, 0.0218, -0.2555, -0.7402, -0.2426, -0.7282, -0.9215, -0.0364, 0.0017, -0.0461, -0.7274, 0.0335, 0.2633, -0.0121
6.1800,0.0017, -0.0415, 0.0005, -0.0066, 0.0110, -0.1822, -0.7512, -0.1649, -0.7428, -0.6645, -0.0371, 0.0016, -0.0332, -0.7422, 0.0294, 0.2627, -0.0084
6.2100,0.0017, -0.0415, 0.0002, -0.0044, 0.0036, -0.1084, -0.7577, -0.0960, -0.7543, -0.3997, -0.0375, 0.0012, -0.0258, -0.7539, 0.0239, 0.2624, -0.0065
6.2400,0.0003, -0.0166, 0.0001, -0.0034, 0.0044, -0.1153, -0.7568, -0.1017, -0.7546, -0.3893, -0.0377, 0.0007, -0.0195, -0.7545, 0.0149, 0.2622, -0.0051
6.2700,0.0003, -0.0166, 0.0001, -0.0023, 0.0005, -0.0410, -0.7598, -0.0325, -0.7590, -0.1575, -0.0378, 0.0007, -0.0136, -0.7589, 0.0147, 0.2621, -0.0034
6.3000,-0.0001, -0.0084, 0.0000, -0.0013, 0.0006, -0.0442, -0.7596, -0.0377, -0.7592, -0.1457, -0.0380, 0.0003, -0.0073, -0.7592, 0.0058, 0.2620, -0.0019
6.3300,-0.0011, -0.0334, 0.0000, -0.0010, -0.0003, -0.0221, -0.7601, -0.0193, -0.7600, -0.0827, -0.0380, 0.0003, -0.0057, -0.7599, 0.0055, 0.2620, -0.0014
6.3600,-0.0011, -0.0334, -0.0001, -0.0018, -0.0033, -0.1004, -0.7632, -0.1017, -0.7628, -0.3494, -0.0381, 0.0003, -0.0175, -0.7628, 0.0082, 0.2618, -0.0050
6.3900,-0.0034, -0.0583, -0.0001, -0.0030, -0.0031, -0.0978, -0.7626, -0.0916, -0.7607, -0.3541, -0.0380, 0.0007, -0.0184, -0.7606, 0.0146, 0.2619, -0.0048
6.4200,-0.0034, -0.0583, -0.0002, -0.0040, -0.0096, -0.1714, -0.7697, -0.1690, -0.7666, -0.6087, -0.0383, 0.0008, -0.0304, -0.7663, 0.0185, 0.2615, -0.0083
6.4500,-0.0069, -0.0830, -0.0003, -0.0051, -0.0093, -0.1681, -0.7686, -0.1581, -0.7632, -0.6089, -0.0382, 0.0012, -0.0321, -0.7638, 0.0239, 0.2617, -0.0084
6.4800,-0.0117, -0.1076, -0.0004, -0.0061, -0.0193, -0.2416, -0.7794, -0.2353, -0.7719, -0.8631, -0.0384, 0.0012, -0.0368, -0.7716, 0.0235, 0.2614, -0.0099
6.5100,-0.0117, -0.1076, -0.0008, -0.0083, -0.0327, -0.3144, -0.7779, -0.2245, -0.7670, -0.8638, -0.0384, 0.0017, -0.0448, -0.7678, 0.0338, 0.2613, -0.0118
6.5400,-0.0177, -0.1318, -0.0010, -0.0093, -0.0317, -0.3076, -0.7929, -0.3046, -0.7790, -1.1286, -0.0386, 0.0017, -0.0498, -0.7783, 0.0336, 0.2610, -0.0133
6.5700,-0.0177, -0.1318, -0.0012, -0.0103, -0.0485, -0.3798, -0.7903, -0.2897, -0.7721, -1.1170, -0.0387, 0.0022, -0.0581, -0.7732, 0.0443, 0.2608, -0.0152
6.6000,-0.0249, -0.1558, -0.0014, -0.0113, -0.0478, -0.3767, -0.8087, -0.3658, -0.7870, -1.3680, -0.0389, 0.0022, -0.0621, -0.7857, 0.0439, 0.2605, -0.0164
6.6300,-0.0333, -0.1793, -0.0017, -0.0124, -0.0680, -0.4477, -0.8271, -0.4297, -0.7954, -1.6195, -0.0393, 0.0027, -0.0755, -0.7935, 0.0550, 0.2598, -0.0199
6.6600,-0.0333, -0.1793, -0.0024, -0.0145, -0.0914, -0.5176, -0.8505, -0.4961, -0.8076, -1.8777, -0.0402, 0.0034, -0.0939, -0.8045, 0.0705, 0.2584, -0.0247
6.6900,-0.0428, -0.2024, -0.0027, -0.0154, -0.0895, -0.5110, -0.8474, -0.4821, -0.7975, -1.8694, -0.0398, 0.0038, -0.0945, -0.7939, 0.0761, 0.2589, -0.0245
6.7200,-0.0428, -0.2024, -0.0031, -0.0164, -0.1163, -0.5797, -0.8485, -0.4838, -0.7996, -1.8695, -0.0398, 0.0037, -0.0935, -0.7961, 0.0746, 0.2589, -0.0243
6.7500,-0.0535, -0.2250, -0.0035, -0.0173, -0.1152, -0.5768, -0.8760, -0.5552, -0.8203, -2.1150, -0.0403, 0.0038, -0.0996, -0.8168, 0.0766, 0.2582, -0.0261
6.7800,-0.0653, -0.2471, -0.0039, -0.0183, -0.1451, -0.6438, -0.8720, -0.5447, -0.8096, -2.1122, -0.0403, 0.0043, -0.1056, -0.8051, 0.0854, 0.2581, -0.0274
6.8100,-0.0653, -0.2471, -0.0048, -0.0203, -0.1781, -0.7091, -0.9048, -0.6158, -0.8349, -2.3590, -0.0409, 0.0043, -0.1118, -0.8302, 0.0880, 0.2572, -0.0291
6.8400,-0.0782, -0.2685, -0.0053, -0.0212, -0.1753, -0.7030, -0.9357, -0.6766, -0.8496, -2.6068, -0.0422, 0.0051, -0.1303, -0.8431, 0.1052, 0.2553, -0.0339
6.8700,-0.0782, -0.2685, -0.0058, -0.0220, -0.2114, -0.7666, -0.9317, -0.6636, -0.8362, -2.6016, -0.0415, 0.0055, -0.1311, -0.8289, 0.1101, 0.2559, -0.0337
6.9000,-0.0921, -0.2892, -0.0063, -0.0230, -0.2099, -0.7639, -0.9707, -0.7313, -0.8676, -2.8368, -0.0430, 0.0058, -0.1418, -0.8596, 0.1176, 0.2540, -0.0367
6.9300,-0.1071, -0.3092, -0.0069, -0.0238, -0.2489, -0.8254, -0.9648, -0.7215, -0.8517, -2.8402, -0.0423, 0.0061, -0.1428, -0.8430, 0.1218, 0.2547, -0.0366
6.9600,-0.1071, -0.3092, -0.0081, -0.0257, -0.2906, -0.8847, -1.0073, -0.7859, -0.8860, -3.0685, -0.0438, 0.0064, -0.1534, -0.8763, 0.1304, 0.2526, -0.0395
6.9900,-0.1230, -0.3285, -0.0087, -0.0265, -0.2871, -0.8791, -1.0468, -0.8420, -0.9041, -3.3119, -0.0440, 0.0069, -0.1603, -0.8933, 0.1397, 0.2522, -0.0410
7.0200,-0.1230, -0.3285, -0.0093, -0.0272, -0.3317, -0.9363, -1.0436, -0.8339, -0.8919, -3.3151, -0.0440, 0.0074, -0.1658, -0.8797, 0.1471, 0.2519, -0.0421
7.0500,-0.1399, -0.3469, -0.0099, -0.0281, -0.3299, -0.9339, -1.0892, -0.8901, -0.9273, -3.5253, -0.0449, 0.0075, -0.1710, -0.9146, 0.1530, 0.2508, -0.0436
7.0800,-0.1577, -0.3645, -0.0106, -0.0288, -0.3770, -0.9885, -1.0859, -0.8859, -0.9138, -3.5419, -0.0450, 0.0080, -0.1771, -0.8995, 0.1606, 0.2503, -0.0448
7.1100,-0.1577, -0.3645, -0.0121, -0.0304, -0.4267, -1.0405, -1.1337, -0.9389, -0.9505, -3.7469, -0.0459, 0.0082, -0.1823, -0.9356, 0.1676, 0.2492, -0.0462
7.1400,-0.1764, -0.3811, -0.0127, -0.0311, -0.4224, -1.0356, -1.1842, -0.9917, -0.9788, -3.9831, -0.0481, 0.0093, -0.1992, -0.9606, 0.1880, 0.2460, -0.0501
7.1700,-0.1764, -0.3811, -0.0135, -0.0318, -0.4745, -1.0850, -1.1728, -0.9768, -0.9541, -3.9712, -0.0470, 0.0096, -0.1998, -0.9349, 0.1906, 0.2470, -0.0500
7.2000,-0.1958, -0.3968, -0.0142, -0.0325, -0.4725, -1.0829, -1.2299, -1.0286, -1.0029, -4.1701, -0.0491, 0.0100, -0.2085, -0.9822, 0.2027, 0.2444, -0.0521
7.2300,-0.2160, -0.4115, -0.0150, -0.0332, -0.5267, -1.1294, -1.2223, -1.0223, -0.9822, -4.1825, -0.0482, 0.0103, -0.2096, -0.9606, 0.2049, 0.2452, -0.0522
7.2600,-0.2160, -0.4115, -0.0166, -0.0345, -0.5830, -1.1729, -1.2812, -1.0705, -1.0311, -4.3773, -0.0504, 0.0108, -0.2189, -1.0076, 0.2190, 0.2424, -0.0543
7.2900,-0.2370, -0.4252, -0.0174, -0.0351, -0.5782, -1.1687, -1.3344, -1.1116, -1.0589, -4.5886, -0.0507, 0.0113, -0.2250, -1.0333, 0.2316, 0.2418, -0.0556
7.3200,-0.2370, -0.4252, -0.0182, -0.0357, -0.6367, -1.2093, -1.3299, -1.1053, -1.0437, -4.5959, -0.0508, 0.0119, -0.2298, -1.0163, 0.2375, 0.2413, -0.0565
7.3500,-0.2585, -0.4378, -0.0191, -0.0363, -0.6343, -1.2076, -1.3893, -1.1448, -1.0919, -4.7709, -0.0520, 0.0122, -0.2342, -1.0632, 0.2488, 0.2398, -0.0575
7.3800,-0.2807, -0.4494, -0.0199, -0.0368, -0.6945, -1.2449, -1.3852, -1.1419, -1.0761, -4.7894, -0.0523, 0.0127, -0.2395, -1.0455, 0.2548, 0.2392, -0.0584
7.4100,-0.2807, -0.4494, -0.0218, -0.0379, -0.7563, -1.2790, -1.4458, -1.1778, -1.1250, -4.9577, -0.0534, 0.0131, -0.2438, -1.0928, 0.2670, 0.2377, -0.0594
7.4400,-0.3035, -0.4598, -0.0226, -0.0383, -0.7510, -1.2756, -1.5059, -1.2104, -1.1629, -5.1430, -0.0563, 0.0144, -0.2572, -1.1260, 0.2905, 0.2338, -0.0619
7.4700,-0.3035, -0.4598, -0.0235, -0.0387, -0.8145, -1.3064, -1.5606, -1.2346, -1.1924, -5.3102, -0.0566, 0.0150, -0.2622, -1.1527, 0.3053, 0.2332, -0.0628
7.5000,-0.3267, -0.4690, -0.0244, -0.0392, -0.8119, -1.3052, -1.5589, -1.2319, -1.1810, -5.3259, -0.0570, 0.0155, -0.2663, -1.1395, 0.3103, 0.2324, -0.0634
7.5300,-0.3503, -0.4771, -0.0253, -0.0396, -0.8766, -1.3325, -1.6242, -1.2584, -1.2355, -5.4723, -0.0583, 0.0159, -0.2700, -1.1919, 0.3253, 0.2309, -0.0641
7.5600,-0.3503, -0.4771, -0.0273, -0.0403, -0.9425, -1.3563, -1.6912, -1.2825, -1.2817, -5.6393, -0.0617, 0.0174, -0.2820, -1.2326, 0.3515, 0.2265, -0.0660
7.5900,-0.3744, -0.4840, -0.0282, -0.0407, -0.9369, -1.3539, -1.6754, -1.2753, -1.2514, -5.6443, -0.0605, 0.0176, -0.2830, -1.2014, 0.3503, 0.2276, -0.0662
7.6200,-0.3744, -0.4840, -0.0291, -0.0409, -1.0039, -1.3743, -1.7484, -1.2960, -1.3183, -5.7721, -0.0633, 0.0185, -0.2886, -1.2650, 0.3712, 0.2243, -0.0669
7.6500,-0.3987, -0.4896, -0.0301, -0.0412, -1.0012, -1.3734, -1.7390, -1.2937, -1.2964, -5.7899, -0.0624, 0.0186, -0.2897, -1.2423, 0.3707, 0.2251, -0.0671
7.6800,-0.4233, -0.4941, -0.0311, -0.0415, -1.0690, -1.3901, -1.8119, -1.3105, -1.3624, -5.9108, -0.0653, 0.0195, -0.2955, -1.3046, 0.3929, 0.2217, -0.0678
7.7100,-0.4233, -0.4941, -0.0331, -0.0419, -1.1375, -1.4032, -1.8766, -1.3228, -1.4075, -6.0464, -0.0660, 0.0202, -0.2996, -1.3459, 0.4118, 0.2207, -0.0684
7.7400,-0.4481, -0.4973, -0.0340, -0.0421, -1.1316, -1.4018, -1.8703, -1.3202, -1.3924, -6.0572, -0.0665, 0.0207, -0.3029, -1.3291, 0.4149, 0.2199, -0.0687
7.7700,-0.4481, -0.4973, -0.0350, -0.0422, -1.2008, -1.4112, -1.9399, -1.3289, -1.4461, -6.1808, -0.0692, 0.0219, -0.3084, -1.3781, 0.4382, 0.2167, -0.0692
7.8000,-0.4730, -0.4993, -0.0360, -0.0423, -1.1980, -1.4108, -1.9308, -1.3276, -1.4355, -6.1731, -0.0684, 0.0218, -0.3087, -1.3676, 0.4363, 0.2174, -0.0693
7.8300,-0.4980, -0.5000, -0.0370, -0.0424, -1.2674, -1.4165, -1.9330, -1.3272, -1.4385, -6.1720, -0.0685, 0.0218, -0.3086, -1.3706, 0.4369, 0.2173, -0.0693
7.8600,-0.4980, -0.5000, -0.0391, -0.0425, -1.3370, -1.4185, -2.0048, -1.3332, -1.5052, -6.2639, -0.0717, 0.0229, -0.3132, -1.4330, 0.4605, 0.2137, -0.0695
7.8900,-0.5230, -0.4995, -0.0400, -0.0426, -1.3309, -1.4182, -2.0701, -1.3349, -1.5490, -6.3840, -0.0738, 0.0242, -0.3186, -1.4713, 0.4843, 0.2111, -0.0698
7.9200,-0.5230, -0.4995, -0.0410, -0.0425, -1.4006, -1.4165, -2.1316, -1.3320, -1.6060, -6.4454, -0.0762, 0.0253, -0.3223, -1.5241, 0.5063, 0.2083, -0.0698
7.9500,-0.5479, -0.4977, -0.0420, -0.0425, -1.3979, -1.4165, -2.1238, -1.3320, -1.5918, -6.4559, -0.0755, 0.0252, -0.3227, -1.5096, 0.5048, 0.2090, -0.0699
7.9800,-0.5728, -0.4947, -0.0430, -0.0424, -1.4673, -1.4111, -2.1980, -1.3259, -1.6639, -6.5155, -0.0789, 0.0265, -0.3258, -1.5772, 0.5302, 0.2053, -0.0696
8.0100,-0.5728, -0.4947, -0.0451, -0.0422, -1.5363, -1.4020, -2.2625, -1.3172, -1.7162, -6.5899, -0.0814, 0.0277, -0.3291, -1.6244, 0.5540, 0.2025, -0.0693
8.0400,-0.5974, -0.4904, -0.0460, -0.0421, -1.5303, -1.4027, -2.2511, -1.3184, -1.7034, -6.5861, -0.0806, 0.0276, -0.3293, -1.6118, 0.5510, 0.2033, -0.0695
8.0700,-0.5974, -0.4904, -0.0469, -0.0419, -1.5990, -1.3899, -2.3247, -1.3044, -1.7745, -6.6305, -0.0840, 0.0288, -0.3313, -1.6782, 0.5767, 0.1997, -0.0687
8.1000,-0.6218, -0.4849, -0.0479, -0.0417, -1.5963, -1.3905, -2.3144, -1.3066, -1.7631, -6.6293, -0.0834, 0.0287, -0.3315, -1.6671, 0.5738, 0.2003, -0.0689
8.1300,-0.6459, -0.4783, -0.0489, -0.0415, -1.6641, -1.3740, -2.3869, -1.2889, -1.8353, -6.6585, -0.0868, 0.0300, -0.3328, -1.7347, 0.5992, 0.1967, -0.0680
8.1600,-0.6459, -0.4783, -0.0509, -0.0409, -1.7312, -1.3540, -2.4494, -1.2700, -1.8999, -6.6691, -0.0898, 0.0311, -0.3335, -1.7954, 0.6214, 0.1937, -0.0671
8.1900,-0.6696, -0.4704, -0.0518, -0.0406, -1.7253, -1.3557, -2.4374, -1.2736, -1.8861, -6.6713, -0.0891, 0.0309, -0.3336, -1.7821, 0.6175, 0.1944, -0.0673
8.2200,-0.6696, -0.4704, -0.0528, -0.0403, -1.7914, -1.3321, -2.5080, -1.2483, -1.9611, -6.6690, -0.0926, 0.0321, -0.3334, -1.8530, 0.6420, 0.1908, -0.0661
8.2500,-0.6929, -0.4613, -0.0537, -0.0400, -1.7888, -1.3331, -2.4979, -1.2522, -1.9505, -6.6695, -0.0922, 0.0319, -0.3335, -1.8430, 0.6384, 0.1913, -0.0663
8.2800,-0.7157, -0.4511, -0.0546, -0.0396, -1.8536, -1.3061, -2.5669, -1.2234, -2.0250, -6.6540, -0.0957, 0.0331, -0.3327, -1.9137, 0.6621, 0.1879, -0.0649
8.3100,-0.7157, -0.4511, -0.0566, -0.0387, -1.9171, -1.2756, -2.6259, -1.1946, -2.0949, -6.6115, -0.0989, 0.0341, -0.3311, -1.9776, 0.6816, 0.1848, -0.0634
8.3400,-0.7380, -0.4397, -0.0574, -0.0383, -1.9115, -1.2783, -2.6169, -1.1992, -2.0860, -6.6122, -0.0989, 0.0339, -0.3306, -1.9730, 0.6771, 0.1849, -0.0634
8.3700,-0.7380, -0.4397, -0.0583, -0.0378, -1.9736, -1.2444, -2.6148, -1.2001, -2.0835, -6.6135, -0.0985, 0.0338, -0.3307, -1.9708, 0.6764, 0.1852, -0.0636
8.4000,-0.7596, -0.4273, -0.0592, -0.0374, -1.9711, -1.2459, -2.6797, -1.1647, -2.1564, -6.5720, -0.1003, 0.0344, -0.3296, -2.0395, 0.7001, 0.1836, -0.0627
8.4300,-0.7807, -0.4138, -0.0600, -0.0368, -2.0314, -1.2088, -2.6704, -1.1699, -2.1507, -6.5607, -0.1017, 0.0347, -0.3282, -2.0350, 0.6934, 0.1822, -0.0620
8.4600,-0.7807, -0.4138, -0.0618, -0.0357, -2.0899, -1.1686, -2.7976, -1.0869, -2.2982, -6.4343, -0.1053, 0.0358, -0.3249, -2.1757, 0.7404, 0.1790, -0.0599
8.4900,-0.8010, -0.3992, -0.0626, -0.0351, -2.0847, -1.1722, -2.7760, -1.1012, -2.2879, -6.3983, -0.1084, 0.0361, -0.3204, -2.1686, 0.7212, 0.1763, -0.0584
8.5200,-0.8010, -0.3992, -0.0634, -0.0345, -2.1413, -1.1288, -2.8363, -1.0549, -2.3606, -6.3110, -0.1103, 0.0366, -0.3177, -2.2409, 0.7424, 0.1747, -0.0572
8.5500,-0.8206, -0.3837, -0.0642, -0.0339, -2.1391, -1.1307, -2.8273, -1.0618, -2.3602, -6.2808, -0.1121, 0.0366, -0.3145, -2.2421, 0.7306, 0.1732, -0.0562
8.5800,-0.8394, -0.3672, -0.0650, -0.0332, -2.1935, -1.0844, -2.8841, -1.0131, -2.4301, -6.1816, -0.1139, 0.0370, -0.3116, -2.3112, 0.7507, 0.1717, -0.0550
8.6100,-0.8394, -0.3672, -0.0666, -0.0318, -2.2457, -1.0353, -2.9323, -0.9669, -2.5117, -5.9858, -0.1191, 0.0378, -0.3022, -2.3834, 0.7520, 0.1673, -0.0515
8.6400,-0.8573, -0.3498, -0.0673, -0.0311, -2.2410, -1.0397, -2.9205, -0.9770, -2.5026, -5.9821, -0.1198, 0.0370, -0.2992, -2.3914, 0.7379, 0.1669, -0.0514
8.6700,-0.8573, -0.3498, -0.0680, -0.0304, -2.2910, -0.9878, -2.9727, -0.9224, -2.5798, -5.8049, -0.1228, 0.0377, -0.2929, -2.4572, 0.7494, 0.1644, -0.0490
8.7000,-0.8743, -0.3315, -0.0687, -0.0297, -2.2890, -0.9900, -2.9642, -0.9306, -2.5739, -5.7998, -0.1234, 0.0370, -0.2901, -2.4662, 0.7366, 0.1640, -0.0489
8.7300,-0.8904, -0.3124, -0.0694, -0.0289, -2.3363, -0.9356, -2.9643, -0.9302, -2.5748, -5.7953, -0.1234, 0.0368, -0.2898, -2.4671, 0.7360, 0.1641, -0.0489
8.7600,-0.8904, -0.3124, -0.0708, -0.0272, -2.3810, -0.8788, -3.0135, -0.8735, -2.6383, -5.6604, -0.1249, 0.0372, -0.2864, -2.5283, 0.7538, 0.1629, -0.0475
8.7900,-0.9055, -0.2925, -0.0714, -0.0264, -2.3770, -0.8840, -3.0586, -0.8159, -2.7255, -5.3671, -0.1302, 0.0375, -0.2729, -2.6051, 0.7434, 0.1587, -0.0434
8.8200,-0.9055, -0.2925, -0.0719, -0.0256, -2.4191, -0.8247, -3.0443, -0.8315, -2.7149, -5.3630, -0.1311, 0.0362, -0.2683, -2.6177, 0.7198, 0.1582, -0.0433
8.8500,-0.9197, -0.2718, -0.0725, -0.0248, -2.4175, -0.8272, -3.0864, -0.7699, -2.7848, -5.1250, -0.1337, 0.0365, -0.2600, -2.6761, 0.7236, 0.1562, -0.0407
8.8800,-0.9327, -0.2505, -0.0731, -0.0239, -2.4566, -0.7658, -3.0808, -0.7779, -2.7830, -5.1111, -0.1346, 0.0354, -0.2559, -2.6922, 0.7054, 0.1556, -0.0405
8.9100,-0.9327, -0.2505, -0.0742, -0.0220, -2.4929, -0.7025, -3.1199, -0.7143, -2.8511, -4.8478, -0.1374, 0.0356, -0.2466, -2.7490, 0.7051, 0.1535, -0.0377
8.9400,-0.9447, -0.2286, -0.0747, -0.0212, -2.4896, -0.7083, -3.1516, -0.6571, -2.9018, -4.6479, -0.1396, 0.0347, -0.2374, -2.8169, 0.6965, 0.1520, -0.0359
8.9700,-0.9447, -0.2286, -0.0752, -0.0203, -2.5229, -0.6430, -3.1471, -0.6627, -2.9155, -4.5256, -0.1416, 0.0334, -0.2283, -2.8331, 0.6643, 0.1506, -0.0345
9.0000,-0.9556, -0.2061, -0.0757, -0.0193, -2.5216, -0.6457, -3.1777, -0.5988, -2.9623, -4.3214, -0.1432, 0.0330, -0.2212, -2.8868, 0.6646, 0.1495, -0.0328
9.0300,-0.9653, -0.1830, -0.0761, -0.0184, -2.5517, -0.5789, -3.2060, -0.5342, -3.0342, -3.8836, -0.1475, 0.0318, -0.2015, -2.9514, 0.6253, 0.1465, -0.0282
9.0600,-0.9653, -0.1830, -0.0770, -0.0163, -2.5787, -0.5105, -3.1972, -0.5482, -3.0313, -3.8496, -0.1487, 0.0295, -0.1933, -2.9743, 0.5849, 0.1457, -0.0281
9.0900,-0.9739, -0.1595, -0.0773, -0.0154, -2.5762, -0.5167, -3.2243, -0.4740, -3.0870, -3.4820, -0.1510, 0.0289, -0.1803, -3.0208, 0.5697, 0.1442, -0.0249
9.1200,-0.9739, -0.1595, -0.0776, -0.0145, -2.6000, -0.4468, -3.2185, -0.4874, -3.0822, -3.4907, -0.1517, 0.0269, -0.1745, -3.0355, 0.5346, 0.1437, -0.0251
9.1500,-0.9812, -0.1357, -0.0780, -0.0134, -2.5990, -0.4498, -3.2419, -0.4137, -3.1330, -3.1010, -0.1542, 0.0257, -0.1584, -3.0921, 0.5045, 0.1420, -0.0217
9.1800,-0.9874, -0.1114, -0.0783, -0.0124, -2.6194, -0.3789, -3.2371, -0.4244, -3.1327, -3.0639, -0.1548, 0.0241, -0.1532, -3.0956, 0.4809, 0.1417, -0.0217
9.2100,-0.9874, -0.1114, -0.0788, -0.0103, -2.6365, -0.3069, -3.2574, -0.3503, -3.1763, -2.6770, -0.1569, 0.0227, -0.1372, -3.1449, 0.4449, 0.1403, -0.0183
9.2400,-0.9924, -0.0869, -0.0791, -0.0093, -2.6349, -0.3136, -3.2719, -0.2820, -3.2050, -2.3872, -0.1589, 0.0208, -0.1194, -3.1794, 0.4047, 0.1390, -0.0149
9.2700,-0.9924, -0.0869, -0.0793, -0.0083, -2.6486, -0.2407, -3.2672, -0.2962, -3.2124, -2.2183, -0.1595, 0.0185, -0.1124, -3.1916, 0.3650, 0.1386, -0.0152
9.3000,-0.9961, -0.0622, -0.0795, -0.0073, -2.6481, -0.2438, -3.2805, -0.2194, -3.2361, -1.9371, -0.1609, 0.0173, -0.0969, -3.2186, 0.3356, 0.1377, -0.0117
9.3300,-0.9986, -0.0374, -0.0796, -0.0062, -2.6583, -0.1704, -3.2779, -0.2301, -3.2434, -1.7568, -0.1614, 0.0150, -0.0894, -3.2300, 0.2948, 0.1374, -0.0118
9.3600,-0.9986, -0.0374, -0.0799, -0.0040, -2.6651, -0.0965, -3.2876, -0.1530, -3.2615, -1.4694, -0.1625, 0.0137, -0.0735, -3.2509, 0.2628, 0.1367, -0.0083
9.3900,-0.9998, -0.0124, -0.0799, -0.0030, -2.6644, -0.1034, -3.2931, -0.0832, -3.2838, -0.8708, -0.1638, 0.0097, -0.0488, -3.2790, 0.1776, 0.1359, -0.0050
9.4200,-0.9998, -0.0124, -0.0800, -0.0020, -2.6677, -0.0291, -3.2903, -0.0973, -3.2829, -0.8012, -0.1640, 0.0070, -0.0401, -3.2801, 0.1372, 0.1358, -0.0050
9.4500,-0.9998, 0.0126, -0.0800, -0.0009, -2.6676, -0.0322, -3.2934, -0.0197, -3.2918, -0.3431, -0.1645, 0.0048, -0.0212, -3.2908, 0.0832, 0.1355, -0.0016
9.4800,-0.9986, 0.0376, -0.0800, 0.0001, -2.6675, 0.0419, -3.2925, -0.0301, -3.2915, -0.2887, -0.1646, 0.0027, -0.0144, -3.2911, 0.0520, 0.1354, -0.0016
9.5100,-0.9986, 0.0376, -0.0800, 0.0024, -2.6638, 0.1160, -3.2884, 0.1284, -3.2864, 0.5758, -0.1644, -0.0011, 0.0211, -3.2861, -0.0443, 0.1355, 0.0053
9.5400,-0.9961, 0.0624, -0.0799, 0.0034, -2.6640, 0.1091, -3.2888, 0.1070, -3.2843, 0.6722, -0.1641, -0.0049, 0.0336, -3.2827, -0.1025, 0.1357, 0.0052
9.5700,-0.9961, 0.0624, -0.0798, 0.0044, -2.6569, 0.1831, -3.2892, 0.1036, -3.2835, 0.7363, -0.1641, -0.0058, 0.0362, -3.2814, -0.1171, 0.1357, 0.0051
9.6000,-0.9923, 0.0872, -0.0797, 0.0054, -2.6572, 0.1800, -3.2819, 0.1811, -3.2731, 1.0058, -0.1635, -0.0066, 0.0503, -3.2699, -0.1425, 0.1361, 0.0085
9.6300,-0.9874, 0.1117, -0.0796, 0.0065, -2.6466, 0.2533, -3.2720, 0.2471, -3.2474, 1.5688, -0.1622, -0.0104, 0.0735, -3.2398, -0.2224, 0.1370, 0.0116
9.6600,-0.9874, 0.1117, -0.0792, 0.0087, -2.6327, 0.3260, -3.2595, 0.3169, -3.2246, 1.9044, -0.1607, -0.0133, 0.0952, -3.2125, -0.2796, 0.1380, 0.0152
9.6900,-0.9812, 0.1359, -0.0790, 0.0097, -2.6337, 0.3192, -3.2629, 0.3020, -3.2153, 2.1071, -0.1601, -0.0161, 0.1036, -3.1987, -0.3268, 0.1383, 0.0149
9.7200,-0.9812, 0.1359, -0.0788, 0.0107, -2.6163, 0.3912, -3.2459, 0.3780, -3.1881, 2.3907, -0.1585, -0.0173, 0.1195, -3.1680, -0.3577, 0.1394, 0.0185
9.7500,-0.9738, 0.1598, -0.0782, 0.0128, -2.5956, 0.4622, -3.2266, 0.4447, -3.1350, 2.9448, -0.1557, -0.0209, 0.1425, -3.1053, -0.4304, 0.1412, 0.0217
9.7800,-0.9652, 0.1832, -0.0779, 0.0138, -2.5973, 0.4556, -3.2319, 0.4345, -3.1331, 3.0132, -0.1549, -0.0231, 0.1507, -3.0984, -0.4650, 0.1417, 0.0219
9.8100,-0.9652, 0.1832, -0.0776, 0.0147, -2.5732, 0.5254, -3.2090, 0.5031, -3.0846, 3.3921, -0.1526, -0.0246, 0.1664, -3.0436, -0.5011, 0.1433, 0.0251
9.8400,-0.9555, 0.2063, -0.0772, 0.0157, -2.5742, 0.5224, -3.2137, 0.4935, -3.0842, 3.4295, -0.1520, -0.0261, 0.1715, -3.0395, -0.5234, 0.1436, 0.0251
9.8700,-0.9555, 0.2063, -0.0768, 0.0167, -2.5470, 0.5907, -3.1862, 0.5647, -3.0299, 3.7870, -0.1494, -0.0272, 0.1863, -2.9791, -0.5524, 0.1454, 0.0283
9.9000,-0.9446, 0.2288, -0.0760, 0.0187, -2.5166, 0.6574, -3.1586, 0.6276, -2.9840, 4.0363, -0.1464, -0.0285, 0.2018, -2.9271, -0.5799, 0.1475, 0.0316
9.9300,-0.9326, 0.2507, -0.0755, 0.0196, -2.5191, 0.6511, -3.1658, 0.6140, -2.9732, 4.1623, -0.1457, -0.0303, 0.2071, -2.9103, -0.6082, 0.1479, 0.0314
9.9600,-0.9326, 0.2507, -0.0751, 0.0205, -2.4855, 0.7163, -3.1322, 0.6826, -2.9235, 4.3834, -0.1429, -0.0306, 0.2192, -2.8571, -0.6199, 0.1499, 0.0346
9.9900,-0.9195, 0.2720, -0.0746, 0.0214, -2.4869, 0.7136, -3.1378, 0.6727, -2.9112, 4.5015, -0.1421, -0.0321, 0.2241, -2.8390, -0.6442, 0.1504, 0.0346
10.0200,-0.9195, 0.2720, -0.0741, 0.0224, -2.4504, 0.7767, -3.1012, 0.7389, -2.8581, 4.7079, -0.1392, -0.0323, 0.2354, -2.7827, -0.6522, 0.1525, 0.0377
10.0500,-0.9054, 0.2926, -0.0729, 0.0242, -2.4109, 0.8379, -3.0647, 0.7960, -2.7753, 5.0812, -0.1351, -0.0338, 0.2511, -2.6903, -0.6816, 0.1555, 0.0408
10.0800,-0.8903, 0.3125, -0.0724, 0.0250, -2.4142, 0.8321, -3.0751, 0.7834, -2.7795, 5.1036, -0.1345, -0.0350, 0.2552, -2.6899, -0.7001, 0.1558, 0.0408
10.1100,-0.8903, 0.3125, -0.0718, 0.0258, -2.3719, 0.8912, -3.0319, 0.8450, -2.7066, 5.3546, -0.1311, -0.0351, 0.2658, -2.6130, -0.7058, 0.1584, 0.0437
10.1400,-0.8742, 0.3317, -0.0712, 0.0267, -2.3736, 0.8887, -3.0394, 0.8360, -2.7100, 5.3677, -0.1307, -0.0359, 0.2684, -2.6132, -0.7178, 0.1586, 0.0437
10.1700,-0.8742, 0.3317, -0.0705, 0.0275, -2.3287, 0.9454, -2.9932, 0.8952, -2.6357, 5.5912, -0.1276, -0.0354, 0.2761, -2.5510, -0.7122, 0.1610, 0.0464
10.2000,-0.8571, 0.3499, -0.0691, 0.0292, -2.2811, 0.9995, -2.9495, 0.9458, -2.5740, 5.7430, -0.1252, -0.0358, 0.2834, -2.4741, -0.7103, 0.1628, 0.0480
10.2300,-0.8392, 0.3673, -0.0685, 0.0299, -2.2852, 0.9944, -2.9596, 0.9345, -2.5704, 5.7981, -0.1234, -0.0365, 0.2891, -2.4677, -0.7313, 0.1642, 0.0490
10.2600,-0.8392, 0.3673, -0.0678, 0.0306, -2.2350, 1.0461, -2.9079, 0.9889, -2.5039, 5.9298, -0.1216, -0.0362, 0.2932, -2.3994, -0.7158, 0.1656, 0.0505
10.2900,-0.8204, 0.3838, -0.0671, 0.0313, -2.2370, 1.0439, -2.9159, 0.9809, -2.4987, 5.9822, -0.1196, -0.0366, 0.2983, -2.3922, -0.7332, 0.1671, 0.0516
10.3200,-0.8204, 0.3838, -0.0663, 0.0320, -2.1847, 1.0927, -2.9165, 0.9811, -2.4978, 5.9899, -0.1194, -0.0368, 0.2993, -2.3869, -0.7360, 0.1673, 0.0517
10.3500,-0.8008, 0.3994, -0.0647, 0.0335, -2.1301, 1.1387, -2.8029, 1.0822, -2.3389, 6.2869, -0.1126, -0.0351, 0.3102, -2.2501, -0.7080, 0.1731, 0.0565
10.3800,-0.7805, 0.4139, -0.0640, 0.0341, -2.1347, 1.1343, -2.8235, 1.0645, -2.3561, 6.2845, -0.1117, -0.0362, 0.3143, -2.2406, -0.7285, 0.1736, 0.0566
10.4100,-0.7805, 0.4139, -0.0632, 0.0347, -2.0779, 1.1774, -2.7637, 1.1104, -2.2772, 6.3989, -0.1086, -0.0354, 0.3184, -2.1718, -0.7108, 0.1763, 0.0585
10.4400,-0.7595, 0.4274, -0.0624, 0.0353, -2.0802, 1.1756, -2.7729, 1.1036, -2.2851, 6.3989, -0.1083, -0.0358, 0.3199, -2.1691, -0.7187, 0.1765, 0.0585
10.4700,-0.7595, 0.4274, -0.0615, 0.0359, -2.0215, 1.2156, -2.7113, 1.1457, -2.2067, 6.4928, -0.1050, -0.0349, 0.3234, -2.0999, -0.6997, 0.1794, 0.0604
10.5000,-0.7378, 0.4398, -0.0597, 0.0370, -1.9611, 1.2523, -2.6551, 1.1796, -2.1402, 6.5496, -0.1030, -0.0346, 0.3261, -2.0284, -0.6827, 0.1812, 0.0615
10.5300,-0.7155, 0.4512, -0.0589, 0.0375, -1.9663, 1.2488, -2.6668, 1.1720, -2.1473, 6.5614, -0.1017, -0.0346, 0.3279, -2.0338, -0.6914, 0.1823, 0.0621
10.5600,-0.7155, 0.4512, -0.0581, 0.0380, -1.9041, 1.2824, -2.6012, 1.2077, -2.0733, 6.6047, -0.0999, -0.0340, 0.3292, -1.9627, -0.6681, 0.1840, 0.0630
10.5900,-0.6927, 0.4614, -0.0572, 0.0384, -1.9066, 1.2810, -2.6059, 1.2049, -2.0733, 6.6201, -0.0981, -0.0336, 0.3308, -1.9621, -0.6732, 0.1856, 0.0638
10.6200,-0.6927, 0.4614, -0.0562, 0.0389, -1.8430, 1.3111, -2.5444, 1.2339, -2.0053, 6.6460, -0.0964, -0.0331, 0.3317, -1.8964, -0.6517, 0.1872, 0.0645
10.6500,-0.6694, 0.4704, -0.0543, 0.0397, -1.7781, 1.3378, -2.5490, 1.2315, -2.0072, 6.6545, -0.0949, -0.0328, 0.3326, -1.8979, -0.6553, 0.1887, 0.0652
10.6800,-0.6456, 0.4783, -0.0534, 0.0401, -1.7837, 1.3352, -2.4827, 1.2589, -1.9354, 6.6692, -0.0932, -0.0322, 0.3331, -1.8292, -0.6321, 0.1904, 0.0659
10.7100,-0.6456, 0.4783, -0.0525, 0.0404, -1.7174, 1.3585, -2.4906, 1.2552, -1.9424, 6.6714, -0.0918, -0.0318, 0.3335, -1.8355, -0.6359, 0.1917, 0.0664
10.7400,-0.6216, 0.4850, -0.0516, 0.0407, -1.7201, 1.3575, -2.4256, 1.2778, -1.8735, 6.6720, -0.0901, -0.0312, 0.3336, -1.7703, -0.6134, 0.1933, 0.0670
10.7700,-0.6216, 0.4850, -0.0506, 0.0410, -1.6530, 1.3772, -2.3603, 1.2967, -1.8068, 6.6567, -0.0853, -0.0295, 0.3330, -1.7063, -0.5907, 0.1982, 0.0685
10.8000,-0.5972, 0.4905, -0.0486, 0.0416, -1.5851, 1.3933, -2.3007, 1.3097, -1.7465, 6.6318, -0.0840, -0.0290, 0.3322, -1.6507, -0.5706, 0.1996, 0.0688
10.8300,-0.5725, 0.4947, -0.0476, 0.0418, -1.5909, 1.3916, -2.3049, 1.3088, -1.7538, 6.6245, -0.0829, -0.0285, 0.3313, -1.6578, -0.5705, 0.2008, 0.0691
10.8600,-0.5725, 0.4947, -0.0467, 0.0419, -1.5222, 1.4041, -2.3114, 1.3071, -1.7607, 6.6256, -0.0831, -0.0286, 0.3313, -1.6650, -0.5726, 0.2006, 0.0690
10.8900,-0.5477, 0.4977, -0.0457, 0.0421, -1.5249, 1.4036, -2.2394, 1.3202, -1.6918, 6.5791, -0.0798, -0.0274, 0.3295, -1.5969, -0.5476, 0.2040, 0.0696
10.9200,-0.5477, 0.4977, -0.0447, 0.0422, -1.4558, 1.4124, -2.2492, 1.3183, -1.7027, 6.5806, -0.0803, -0.0274, 0.3290, -1.6114, -0.5501, 0.2036, 0.0695
10.9500,-0.5228, 0.4995, -0.0426, 0.0424, -1.3864, 1.4174, -2.1759, 1.3279, -1.6349, 6.5193, -0.0772, -0.0263, 0.3266, -1.5433, -0.5249, 0.2070, 0.0700
10.9800,-0.4978, 0.5000, -0.0417, 0.0425, -1.3924, 1.4168, -2.1136, 1.3317, -1.5758, 6.4613, -0.0760, -0.0257, 0.3245, -1.4928, -0.5046, 0.2083, 0.0699
11.0100,-0.4978, 0.5000, -0.0407, 0.0425, -1.3227, 1.4182, -2.1174, 1.3318, -1.5861, 6.4475, -0.0752, -0.0252, 0.3225, -1.5032, -0.5028, 0.2094, 0.0699
11.0400,-0.4728, 0.4993, -0.0397, 0.0425, -1.3255, 1.4182, -2.0480, 1.3332, -1.5201, 6.3779, -0.0737, -0.0246, 0.3206, -1.4418, -0.4816, 0.2111, 0.0699
11.0700,-0.4728, 0.4993, -0.0387, 0.0425, -1.2559, 1.4158, -2.0527, 1.3332, -1.5325, 6.3620, -0.0727, -0.0240, 0.3183, -1.4542, -0.4796, 0.2122, 0.0699
11.1000,-0.4479, 0.4973, -0.0366, 0.0424, -1.1866, 1.4098, -1.9837, 1.3310, -1.4679, 6.2820, -0.0712, -0.0235, 0.3161, -1.3942, -0.4591, 0.2139, 0.0698
11.1300,-0.4231, 0.4941, -0.0357, 0.0423, -1.1926, 1.4102, -1.9131, 1.3248, -1.4205, 6.1438, -0.0671, -0.0217, 0.3085, -1.3424, -0.4319, 0.2187, 0.0694
11.1600,-0.4231, 0.4941, -0.0347, 0.0422, -1.1235, 1.4004, -1.9305, 1.3262, -1.4391, 6.1594, -0.0681, -0.0216, 0.3076, -1.3717, -0.4352, 0.2178, 0.0692
11.1900,-0.3985, 0.4896, -0.0337, 0.0420, -1.1262, 1.4009, -1.8558, 1.3166, -1.3786, 6.0341, -0.0653, -0.0207, 0.3029, -1.3060, -0.4118, 0.2211, 0.0688
11.2200,-0.3985, 0.4896, -0.0328, 0.0418, -1.0578, 1.3875, -1.8652, 1.3178, -1.3894, 6.0418, -0.0661, -0.0206, 0.3019, -1.3266, -0.4128, 0.2204, 0.0686
11.2500,-0.3742, 0.4839, -0.0307, 0.0414, -0.9900, 1.3704, -1.7918, 1.3044, -1.3327, 5.9030, -0.0632, -0.0196, 0.2964, -1.2638, -0.3899, 0.2238, 0.0680
11.2800,-0.3501, 0.4770, -0.0298, 0.0411, -0.9960, 1.3719, -1.7280, 1.2878, -1.2787, 5.7824, -0.0625, -0.0190, 0.2921, -1.2234, -0.3720, 0.2248, 0.0674
11.3100,-0.3501, 0.4770, -0.0289, 0.0408, -0.9290, 1.3512, -1.7344, 1.2905, -1.2954, 5.7689, -0.0620, -0.0184, 0.2886, -1.2408, -0.3687, 0.2256, 0.0669
11.3400,-0.3265, 0.4689, -0.0279, 0.0405, -0.9316, 1.3521, -1.6668, 1.2704, -1.2366, 5.6401, -0.0607, -0.0180, 0.2852, -1.1855, -0.3518, 0.2272, 0.0664
11.3700,-0.3265, 0.4689, -0.0270, 0.0402, -0.8658, 1.3280, -1.6714, 1.2720, -1.2529, 5.6192, -0.0601, -0.0174, 0.2811, -1.2022, -0.3477, 0.2281, 0.0658
11.4000,-0.3033, 0.4597, -0.0250, 0.0394, -0.8012, 1.3003, -1.6056, 1.2485, -1.1964, 5.4824, -0.0588, -0.0170, 0.2775, -1.1495, -0.3317, 0.2297, 0.0652
11.4300,-0.2805, 0.4493, -0.0241, 0.0390, -0.8069, 1.3027, -1.5399, 1.2204, -1.1660, 5.2714, -0.0555, -0.0155, 0.2653, -1.1104, -0.3069, 0.2340, 0.0632
11.4600,-0.2805, 0.4493, -0.0233, 0.0386, -0.7436, 1.2717, -1.5555, 1.2279, -1.1819, 5.3026, -0.0567, -0.0153, 0.2643, -1.1411, -0.3079, 0.2329, 0.0631
11.4900,-0.2583, 0.4377, -0.0223, 0.0382, -0.7461, 1.2730, -1.4863, 1.1958, -1.1271, 5.1302, -0.0543, -0.0146, 0.2569, -1.0889, -0.2911, 0.2359, 0.0616
11.5200,-0.2368, 0.4251, -0.0215, 0.0377, -0.6844, 1.2386, -1.4950, 1.2004, -1.1415, 5.1345, -0.0552, -0.0145, 0.2567, -1.1041, -0.2897, 0.2350, 0.0617
11.5500,-0.2368, 0.4251, -0.0196, 0.0366, -0.6244, 1.2010, -1.4280, 1.1642, -1.0984, 4.9307, -0.0529, -0.0135, 0.2473, -1.0648, -0.2697, 0.2380, 0.0599
11.5800,-0.2159, 0.4114, -0.0188, 0.0361, -0.6297, 1.2044, -1.3715, 1.1287, -1.0545, 4.7643, -0.0512, -0.0128, 0.2382, -1.0237, -0.2531, 0.2404, 0.0580
11.6100,-0.2159, 0.4114, -0.0180, 0.0355, -0.5714, 1.1635, -1.3813, 1.1363, -1.0740, 4.7678, -0.0522, -0.0127, 0.2384, -1.0436, -0.2536, 0.2393, 0.0582
11.6400,-0.1956, 0.3967, -0.0172, 0.0349, -0.5737, 1.1653, -1.3177, 1.0933, -1.0223, 4.5786, -0.0497, -0.0120, 0.2289, -0.9945, -0.2367, 0.2425, 0.0561
11.6700,-0.1762, 0.3810, -0.0164, 0.0343, -0.5176, 1.1215, -1.3267, 1.0996, -1.0429, 4.5723, -0.0508, -0.0118, 0.2286, -1.0158, -0.2364, 0.2414, 0.0562
11.7000,-0.1762, 0.3810, -0.0147, 0.0329, -0.4635, 1.0747, -1.2651, 1.0537, -0.9934, 4.3766, -0.0484, -0.0111, 0.2188, -0.9687, -0.2204, 0.2444, 0.0540
11.7300,-0.1576, 0.3643, -0.0140, 0.0323, -0.4683, 1.0790, -1.2151, 1.0095, -0.9802, 4.1295, -0.0476, -0.0102, 0.2073, -0.9590, -0.2026, 0.2460, 0.0516
11.7600,-0.1576, 0.3643, -0.0133, 0.0316, -0.4164, 1.0293, -1.2222, 1.0192, -0.9873, 4.1605, -0.0483, -0.0101, 0.2080, -0.9661, -0.2031, 0.2452, 0.0518
11.7900,-0.1398, 0.3468, -0.0118, 0.0302, -0.3691, 0.9791, -1.1733, 0.9744, -0.9534, 3.9231, -0.0464, -0.0094, 0.1970, -0.9348, -0.1873, 0.2478, 0.0493
11.8200,-0.1229, 0.3283, -0.0104, 0.0286, -0.3222, 0.9243, -1.1198, 0.9193, -0.9609, 3.9481, -0.0471, -0.0094, 0.1974, -0.9424, -0.1879, 0.2471, 0.0495
11.8500,-0.1229, 0.3283, -0.0097, 0.0278, -0.3264, 0.9293, -1.0757, 0.8678, -0.9295, 3.7044, -0.0454, -0.0087, 0.1860, -0.9133, -0.1727, 0.2495, 0.0468
11.8800,-0.1070, 0.3091, -0.0091, 0.0270, -0.2820, 0.8719, -1.0372, 0.8189, -0.8975, 3.5035, -0.0441, -0.0082, 0.1752, -0.8830, -0.1608, 0.2513, 0.0441
11.9100,-0.1070, 0.3091, -0.0085, 0.0262, -0.2837, 0.8744, -1.0404, 0.8269, -0.8891, 3.2589, -0.0436, -0.0074, 0.1637, -0.8770, -0.1456, 0.2524, 0.0415
11.9400,-0.0920, 0.2890, -0.0079, 0.0253, -0.2422, 0.8148, -0.9957, 0.7639, -0.8925, 3.2824, -0.0440, -0.0073, 0.1641, -0.8806, -0.1453, 0.2519, 0.0418
11.9700,-0.0781, 0.2683, -0.0067, 0.0235, -0.2035, 0.7531, -1.0015, 0.7734, -0.8679, 3.0216, -0.0426, -0.0067, 0.1519, -0.8578, -0.1320, 0.2539, 0.0387
12.0000,-0.0781, 0.2683, -0.0062, 0.0227, -0.2070, 0.7588, -0.9576, 0.7052, -0.8737, 3.0509, -0.0432, -0.0066, 0.1525, -0.8636, -0.1321, 0.2533, 0.0390
12.0300,-0.0652, 0.2469, -0.0062, 0.0227, -0.2070, 0.7588, -0.9576, 0.7052, -0.8495, 2.7741, -0.0418, -0.0060, 0.1396, -0.8411, -0.1189, 0.2553, 0.0357
12.0600,-0.0652, 0.2469, -0.0057, 0.0218, -0.1712, 0.6950, -0.9280, 0.6519, -0.8290, 2.5799, -0.0411, -0.0056, 0.1290, -0.8215, -0.1106, 0.2564, 0.0330
12.0900,-0.0534, 0.2248, -0.0047, 0.0199, -0.1399, 0.6322, -0.9313, 0.6604, -0.8386, 2.5827, -0.0416, -0.0054, 0.1291, -0.8316, -0.1080, 0.2559, 0.0332
12.1200,-0.0427, 0.2022, -0.0047, 0.0199, -0.1399, 0.6322, -0.8957, 0.5910, -0.8121, 2.3381, -0.0403, -0.0051, 0.1169, -0.8060, -0.0997, 0.2577, 0.0299
12.1500,-0.0427, 0.2022, -0.0033, 0.0170, -0.1130, 0.5712, -0.8665, 0.5270, -0.8243, 2.3416, -0.0409, -0.0048, 0.1171, -0.8187, -0.0963, 0.2570, 0.0302
12.1800,-0.0332, 0.1791, -0.0033, 0.0170, -0.1130, 0.5712, -0.8665, 0.5270, -0.7990, 2.0821, -0.0397, -0.0045, 0.1041, -0.7941, -0.0882, 0.2587, 0.0266
12.2100,-0.0332, 0.1791, -0.0026, 0.0151, -0.0876, 0.5053, -0.8454, 0.4698, -0.7984, 1.8195, -0.0396, -0.0038, 0.0917, -0.7950, -0.0738, 0.2592, 0.0237
12.2400,-0.0248, 0.1556, -0.0023, 0.0141, -0.0644, 0.4354, -0.8218, 0.4047, -0.7997, 1.8456, -0.0398, -0.0036, 0.0923, -0.7963, -0.0732, 0.2589, 0.0240
12.2700,-0.0176, 0.1316, -0.0023, 0.0141, -0.0644, 0.4354, -0.8218, 0.4047, -0.7870, 1.5631, -0.0391, -0.0032, 0.0790, -0.7844, -0.0627, 0.2600, 0.0204
12.3000,-0.0176, 0.1316, -0.0014, 0.0110, -0.0464, 0.3708, -0.8051, 0.3447, -0.7758, 1.3550, -0.0387, -0.0029, 0.0678, -0.7737, -0.0565, 0.2606, 0.0174
12.3300,-0.0117, 0.1073, -0.0011, 0.0100, -0.0299, 0.2986, -0.7883, 0.2752, -0.7807, 1.3490, -0.0389, -0.0026, 0.0675, -0.7789, -0.0526, 0.2604, 0.0176
12.3600,-0.0117, 0.1073, -0.0009, 0.0090, -0.0305, 0.3016, -0.7883, 0.2752, -0.7679, 1.0923, -0.0386, -0.0026, 0.0610, -0.7662, -0.0518, 0.2608, 0.0157
12.3900,-0.0069, 0.0828, -0.0007, 0.0080, -0.0174, 0.2288, -0.7895, 0.2809, -0.7732, 1.0769, -0.0386, -0.0021, 0.0539, -0.7718, -0.0419, 0.2610, 0.0141
12.4200,-0.0034, 0.0581, -0.0007, 0.0080, -0.0174, 0.2288, -0.7763, 0.2098, -0.7639, 0.8377, -0.0384, -0.0021, 0.0479, -0.7628, -0.0411, 0.2613, 0.0123
12.4500,-0.0034, 0.0581, -0.0002, 0.0048, -0.0087, 0.1621, -0.7665, 0.1351, -0.7625, 0.5212, -0.0380, -0.0015, 0.0278, -0.7598, -0.0265, 0.2619, 0.0069
12.4800,-0.0011, 0.0332, -0.0002, 0.0048, -0.0087, 0.1621, -0.7689, 0.1555, -0.7646, 0.5849, -0.0382, -0.0010, 0.0277, -0.7644, -0.0199, 0.2617, 0.0073
12.5100,-0.0011, 0.0332, -0.0002, 0.0038, -0.0025, 0.0880, -0.7684, 0.1543, -0.7635, 0.5895, -0.0382, -0.0011, 0.0294, -0.7633, -0.0224, 0.2617, 0.0077
12.5400,-0.0001, 0.0082, -0.0001, 0.0027, -0.0027, 0.0912, -0.7619, 0.0756, -0.7593, 0.3267, -0.0381, -0.0011, 0.0229, -0.7590, -0.0224, 0.2619, 0.0057
12.5700,-0.0003, -0.0168, -0.0000, 0.0016, 0.0000, 0.0170, -0.7595, 0.0043, -0.7595, 0.0212, -0.0380, -0.0005, 0.0028, -0.7593, -0.0073, 0.2620, 0.0003
12.6000,-0.0003, -0.0168, -0.0000, -0.0006, -0.0007, -0.0571, -0.7606, -0.0601, -0.7607, -0.1975, -0.0380, -0.0001, -0.0044, -0.7607, -0.0008, 0.2620, -0.0014
12.6300,-0.0017, -0.0418, -0.0000, -0.0016, -0.0008, -0.0503, -0.7605, -0.0547, -0.7599, -0.2087, -0.0380, 0.0004, -0.0104, -0.7599, 0.0077, 0.2620, -0.0027
12.6600,-0.0017, -0.0418, -0.0001, -0.0026, -0.0050, -0.1245, -0.7606, -0.0468, -0.7601, -0.1824, -0.0380, 0.0004, -0.0098, -0.7601, 0.0079, 0.2620, -0.0025
12.6900,-0.0045, -0.0666, -0.0001, -0.0037, -0.0048, -0.1213, -0.7650, -0.1247, -0.7621, -0.4717, -0.0382, 0.0005, -0.0220, -0.7638, 0.0119, 0.2617, -0.0061
12.7200,-0.0084, -0.0913, -0.0003, -0.0047, -0.0125, -0.1951, -0.7643, -0.1138, -0.7614, -0.4394, -0.0381, 0.0009, -0.0228, -0.7612, 0.0180, 0.2618, -0.0059
12.7500,-0.0084, -0.0913, -0.0005, -0.0070, -0.0236, -0.2683, -0.7726, -0.1913, -0.7655, -0.7268, -0.0384, 0.0010, -0.0347, -0.7679, 0.0218, 0.2614, -0.0094
12.7800,-0.0136, -0.1158, -0.0009, -0.0089, -0.0374, -0.3342, -0.7826, -0.2514, -0.7731, -0.9504, -0.0384, 0.0014, -0.0419, -0.7726, 0.0281, 0.2613, -0.0112
12.8100,-0.0136, -0.1158, -0.0011, -0.0100, -0.0368, -0.3311, -0.7826, -0.2514, -0.7696, -0.9624, -0.0384, 0.0018, -0.0481, -0.7689, 0.0368, 0.2612, -0.0126
12.8400,-0.0200, -0.1399, -0.0014, -0.0110, -0.0547, -0.4028, -0.8151, -0.3924, -0.7810, -1.2036, -0.0387, 0.0019, -0.0541, -0.7801, 0.0376, 0.2608, -0.0144
12.8700,-0.0276, -0.1637, -0.0020, -0.0131, -0.0760, -0.4735, -0.8350, -0.4537, -0.7841, -1.5038, -0.0394, 0.0025, -0.0735, -0.7883, 0.0527, 0.2598, -0.0195
12.9000,-0.0276, -0.1637, -0.0023, -0.0141, -0.0743, -0.4668, -0.8336, -0.4449, -0.7985, -1.7172, -0.0395, 0.0030, -0.0805, -0.7963, 0.0600, 0.2596, -0.0212
12.9300,-0.0363, -0.1871, -0.0026, -0.0150, -0.0989, -0.5364, -0.8331, -0.4414, -0.7924, -1.7157, -0.0395, 0.0034, -0.0858, -0.7894, 0.0679, 0.2594, -0.0223
12.9600,-0.0363, -0.1871, -0.0030, -0.0160, -0.0979, -0.5335, -0.8588, -0.5144, -0.7923, -1.7039, -0.0395, 0.0034, -0.0855, -0.7893, 0.0679, 0.2594, -0.0222
12.9900,-0.0463, -0.2101, -0.0034, -0.0170, -0.1256, -0.6015, -0.8588, -0.5144, -0.8046, -1.9853, -0.0404, 0.0036, -0.0976, -0.8085, 0.0741, 0.2581, -0.0257
13.0200,-0.0573, -0.2325, -0.0042, -0.0190, -0.1566, -0.6680, -0.8840, -0.5748, -0.8226, -2.1985, -0.0405, 0.0040, -0.1046, -0.8186, 0.0815, 0.2579, -0.0273
13.0500,-0.0573, -0.2325, -0.0042, -0.0190, -0.1566, -0.6680, -0.9167, -0.6423, -0.8308, -2.5004, -0.0418, 0.0047, -0.1232, -0.8350, 0.0978, 0.2560, -0.0321
13.0800,-0.0695, -0.2543, -0.0047, -0.0199, -0.1540, -0.6617, -0.9111, -0.6275, -0.8258, -2.4539, -0.0411, 0.0051, -0.1239, -0.8193, 0.1030, 0.2566, -0.0319
13.1100,-0.0695, -0.2543, -0.0056, -0.0218, -0.1867, -0.7239, -0.9422, -0.6838, -0.8463, -2.7080, -0.0424, 0.0054, -0.1338, -0.8483, 0.1094, 0.2549, -0.0347
13.1400,-0.0828, -0.2755, -0.0056, -0.0218, -0.1867, -0.7239, -0.9428, -0.6837, -0.8419, -2.6803, -0.0422, 0.0056, -0.1346, -0.8387, 0.1129, 0.2551, -0.0347
13.1700,-0.0971, -0.2960, -0.0073, -0.0245, -0.2636, -0.8475, -1.0246, -0.8159, -0.8426, -2.6803, -0.0422, 0.0056, -0.1346, -0.8387, 0.1129, 0.2551, -0.0347
13.2000,-0.0971, -0.2960, -0.0079, -0.0253, -0.2603, -0.8417, -1.0229, -0.8127, -0.9059, -3.1534, -0.0422, 0.0056, -0.1346, -0.8387, 0.1129, 0.2551, -0.0347
13.2300,-0.1124, -0.3158, -0.0084, -0.0261, -0.3030, -0.9004, -1.0229, -0.8127, -0.9046, -3.1421, -0.0422, 0.0056, -0.1346, -0.8387, 0.1129, 0.2551, -0.0347
13.2600,-0.1124, -0.3158, -0.0091, -0.0270, -0.3013, -0.8980, -1.0674, -0.8740, -0.9404, -3.3641, -0.0422, 0.0056, -0.1346, -0.8387, 0.1129, 0.2551, -0.0347
13.2900,-0.1286, -0.3348, -0.0097, -0.0278, -0.3467, -0.9542, -1.1147, -0.9328, -0.9405, -3.3646, -0.0422, 0.0056, -0.1346, -0.8387, 0.1129, 0.2551, -0.0347
13.3200,-0.1458, -0.3529, -0.0097, -0.0278, -0.3467, -0.9542, -1.1147, -0.9328, -0.9795, -3.5797, -0.0422, 0.0056, -0.1346, -0.8387, 0.1129, 0.2551, -0.0347
13.3500,-0.1458, -0.3529, -0.0111, -0.0294, -0.3947, -1.0079, -1.1147, -0.9328, -0.9795, -3.5797, -0.0422, 0.0056, -0.1346, -0.8387, 0.1129, 0.2551, -0.0347
13.3800,-0.1639, -0.3702, -0.0118, -0.0302, -0.3906, -1.0028, -1.1646, -0.9888, -1.0214, -3.7870, -0.0422, 0.0056, -0.1346, -0.8387, 0.1129, 0.2551, -0.0347
13.4100,-0.1639, -0.3702, -0.0125, -0.0309, -0.4412, -1.0541, -1.2172, -1.0421, -1.0663, -3.9869, -0.0422, 0.0056, -0.1346, -0.8387, 0.1129, 0.2551, -0.0347
13.4400,-0.1828, -0.3865, -0.0132, -0.0316, -0.4391, -1.0519, -1.2173, -1.0423, -1.0664, -3.9874, -0.0422, 0.0056, -0.1346, -0.8387, 0.1129, 0.2551, -0.0347
13.4700,-0.2025, -0.4019, -0.0140, -0.0323, -0.4919, -1.1003, -1.2722, -1.0928, -1.1141, -4.1788, -0.0422, 0.0056, -0.1346, -0.8387, 0.1129, 0.2551, -0.0347
13.5000,-0.2025, -0.4019, -0.0156, -0.0337, -0.5469, -1.1458, -1.3319, -1.1427, -1.1665, -4.3702, -0.0422, 0.0056, -0.1346, -0.8387, 0.1129, 0.2551, -0.0347
13.5300,-0.2230, -0.4163, -0.0171, -0.0349, -0.5993, -1.1840, -1.3888, -1.1846, -1.1643, -4.3610, -0.0422, 0.0056, -0.1346, -0.8387, 0.1129, 0.2551, -0.0347
13.5600,-0.2230, -0.4163, -0.0171, -0.0349, -0.5993, -1.1840, -1.3888, -1.1846, -1.2173, -4.5342, -0.0422, 0.0056, -0.1346, -0.8387, 0.1129, 0.2551, -0.0347
13.5900,-0.2441, -0.4296, -0.0188, -0.0361, -0.6560, -1.2217, -1.3889, -1.1847, -1.2173, -4.5346, -0.0422, 0.0056, -0.1346, -0.8387, 0.1129, 0.2551, -0.0347
13.6200,-0.2659, -0.4418, -0.0206, -0.0372, -0.7167, -1.2579, -1.4503, -1.2259, -1.2727, -4.6981, -0.0422, 0.0056, -0.1346, -0.8387, 0.1129, 0.2551, -0.0347
13.6500,-0.2659, -0.4418, -0.0206, -0.0372, -0.7167, -1.2579, -1.4503, -1.2259, -1.2727, -4.6981, -0.0422, 0.0056, -0.1346, -0.8387, 0.1129, 0.2551, -0.0347
13.6800,-0.2883, -0.4530, -0.0214, -0.0377, -0.7115, -1.2544, -1.5135, -1.2636, -1.3327, -4.8588, -0.0422, 0.0056, -0.1346, -0.8387, 0.1129, 0.2551, -0.0347
13.7100,-0.2883, -0.4530, -0.0223, -0.0381, -0.7740, -1.2874, -1.5135, -1.2636, -1.3302, -4.8510, -0.0422, 0.0056, -0.1346, -0.8387, 0.1129, 0.2551, -0.0347
13.7400,-0.3112, -0.4630, -0.0232, -0.0386, -0.7715, -1.2860, -1.5784, -1.2980, -1.3899, -4.9937, -0.0422, 0.0056, -0.1346, -0.8387, 0.1129, 0.2551, -0.0347
13.7700,-0.3346, -0.4718, -0.0241, -0.0390, -0.8353, -1.3156, -1.5785, -1.2981, -1.3900, -4.9941, -0.0422, 0.0056, -0.1346, -0.8387, 0.1129, 0.2551, -0.0347
13.8000,-0.3346, -0.4718, -0.0260, -0.0399, -0.9004, -1.3418, -1.6450, -1.3290, -1.4518, -5.1258, -0.0422, 0.0056, -0.1346, -0.8387, 0.1129, 0.2551, -0.0347
13.8300,-0.3584, -0.4795, -0.0269, -0.0402, -0.8948, -1.3392, -1.7157, -1.3577, -1.5180, -5.2524, -0.0422, 0.0056, -0.1346, -0.8387, 0.1129, 0.2551, -0.0347
13.8600,-0.3584, -0.4795, -0.0278, -0.0405, -0.9612, -1.3619, -1.7818, -1.3799, -1.5805, -5.3551, -0.0422, 0.0056, -0.1346, -0.8387, 0.1129, 0.2551, -0.0347
13.8900,-0.3825, -0.4860, -0.0288, -0.0408, -0.9586, -1.3609, -1.7818, -1.3799, -1.5805, -5.3551, -0.0422, 0.0056, -0.1346, -0.8387, 0.1129, 0.2551, -0.0347
13.9200,-0.4070, -0.4913, -0.0298, -0.0411, -1.0258, -1.3800, -1.7819, -1.3800, -1.5806, -5.3554, -0.0422, 0.0056, -0.1346, -0.8387, 0.1129, 0.2551, -0.0347
13.9500,-0.4070, -0.4913, -0.0318, -0.0416, -1.0939, -1.3955, -1.8520, -1.3999, -1.6473, -5.4525, -0.0422, 0.0056, -0.1346, -0.8387, 0.1129, 0.2551, -0.0347
13.9800,-0.4316, -0.4953, -0.0327, -0.0418, -1.0880, -1.3939, -1.9259, -1.4170, -1.7183, -5.5420, -0.0422, 0.0056, -0.1346, -0.8387, 0.1129, 0.2551, -0.0347
14.0100,-0.4316, -0.4953, -0.0337, -0.0420, -1.1568, -1.4057, -1.9227, -1.4160, -1.7153, -5.5374, -0.0422, 0.0056, -0.1346, -0.8387, 0.1129, 0.2551, -0.0347
