0.0300,0.0006, 0.0250, 0.0000, 0.0012, 0.0018, 0.0775, -0.8681, 0.0811, 0.0000, 0.0000, 0.0000, 0.0000, 0.0000, 0.0000, 0.0000, 0.3000, 0.0000
0.0600,0.0006, 0.0250, 0.0001, 0.0023, 0.0017, 0.0739, -0.7422, 0.0688, -0.8681, 0.2702, -0.0434, -0.0001, 0.0135, -0.8681, -0.0059, 0.2566, 0.0039
0.0900,0.0025, 0.0499, 0.0001, 0.0033, 0.0071, 0.1477, -0.7550, 0.1473, -0.7412, 0.2618, -0.0371, -0.0005, 0.0131, -0.7411, -0.0097, 0.2629, 0.0034
0.1200,0.0025, 0.0499, 0.0002, 0.0044, 0.0069, 0.1444, -0.7531, 0.1356, -0.7530, 0.5240, -0.0376, -0.0006, 0.0262, -0.7529, -0.0148, 0.2623, 0.0072
0.1500,0.0056, 0.0747, 0.0003, 0.0054, 0.0157, 0.2180, -0.7444, 0.2139, -0.7493, 0.5167, -0.0375, -0.0010, 0.0259, -0.7491, -0.0194, 0.2624, 0.0068
0.1800,0.0056, 0.0747, 0.0005, 0.0065, 0.0153, 0.2148, -0.7451, 0.2078, -0.7387, 0.7768, -0.0372, -0.0010, 0.0323, -0.7384, -0.0191, 0.2627, 0.0087
0.2100,0.0100, 0.0993, 0.0006, 0.0075, 0.0276, 0.2878, -0.7332, 0.2790, -0.7364, 0.7886, -0.0368, -0.0014, 0.0394, -0.7359, -0.0288, 0.2630, 0.0104
0.2400,0.0155, 0.1237, 0.0011, 0.0097, 0.0432, 0.3601, -0.7183, 0.3473, -0.7179, 1.0539, -0.0359, -0.0017, 0.0520, -0.7170, -0.0368, 0.2636, 0.0139
0.2700,0.0155, 0.1237, 0.0013, 0.0107, 0.0420, 0.3533, -0.7213, 0.3330, -0.6990, 1.2822, -0.0349, -0.0019, 0.0641, -0.6978, -0.0408, 0.2645, 0.0173
0.3000,0.0223, 0.1478, 0.0015, 0.0117, 0.0611, 0.4249, -0.7016, 0.4094, -0.6989, 1.2592, -0.0349, -0.0022, 0.0630, -0.6975, -0.0441, 0.2645, 0.0167
0.3300,0.0223, 0.1478, 0.0018, 0.0127, 0.0603, 0.4219, -0.7044, 0.3980, -0.6745, 1.5090, -0.0337, -0.0022, 0.0754, -0.6729, -0.0466, 0.2655, 0.0204
0.3600,0.0303, 0.1714, 0.0021, 0.0137, 0.0826, 0.4921, -0.6815, 0.4728, -0.6726, 1.4990, -0.0335, -0.0025, 0.0750, -0.6707, -0.0504, 0.2656, 0.0199
0.3900,0.0395, 0.1947, 0.0029, 0.0158, 0.1082, 0.5611, -0.6570, 0.5370, -0.6442, 1.7416, -0.0321, -0.0025, 0.0871, -0.6420, -0.0521, 0.2668, 0.0236
0.4200,0.0395, 0.1947, 0.0032, 0.0167, 0.1062, 0.5546, -0.6630, 0.5233, -0.6009, 1.9970, -0.0301, -0.0029, 0.0993, -0.5980, -0.0592, 0.2684, 0.0268
0.4500,0.0498, 0.2175, 0.0036, 0.0177, 0.1350, 0.6223, -0.6327, 0.5956, -0.6075, 1.9559, -0.0302, -0.0030, 0.0978, -0.6046, -0.0599, 0.2683, 0.0263
0.4800,0.0498, 0.2175, 0.0040, 0.0186, 0.1339, 0.6195, -0.6374, 0.5848, -0.5641, 2.2030, -0.0282, -0.0030, 0.1096, -0.5607, -0.0614, 0.2700, 0.0298
0.5100,0.0612, 0.2397, 0.0045, 0.0196, 0.1658, 0.6854, -0.6040, 0.6549, -0.5692, 2.1711, -0.0283, -0.0031, 0.1086, -0.5658, -0.0621, 0.2699, 0.0294
0.5400,0.0737, 0.2613, 0.0055, 0.0215, 0.2008, 0.7495, -0.5713, 0.7145, -0.5217, 2.4075, -0.0261, -0.0031, 0.1199, -0.5179, -0.0622, 0.2717, 0.0328
0.5700,0.0737, 0.2613, 0.0060, 0.0224, 0.1979, 0.7434, -0.5782, 0.7018, -0.4814, 2.5930, -0.0239, -0.0029, 0.1296, -0.4776, -0.0600, 0.2736, 0.0358
0.6000,0.0873, 0.2823, 0.0065, 0.0232, 0.2359, 0.8058, -0.5781, 0.7034, -0.4835, 2.5668, -0.0240, -0.0031, 0.1284, -0.4796, -0.0619, 0.2736, 0.0353
0.6300,0.0873, 0.2823, 0.0071, 0.0241, 0.2344, 0.8032, -0.5385, 0.7681, -0.4834, 2.5720, -0.0240, -0.0031, 0.1286, -0.4794, -0.0619, 0.2736, 0.0354
0.6600,0.1020, 0.3026, 0.0076, 0.0250, 0.2752, 0.8632, -0.5023, 0.8211, -0.4273, 2.7837, -0.0214, -0.0029, 0.1388, -0.4232, -0.0590, 0.2757, 0.0386
0.6900,0.1176, 0.3221, 0.0089, 0.0268, 0.3188, 0.9211, -0.5082, 0.8127, -0.3835, 2.9427, -0.0190, -0.0027, 0.1471, -0.3796, -0.0547, 0.2778, 0.0413
0.7200,0.1176, 0.3221, 0.0095, 0.0275, 0.3151, 0.9156, -0.4610, 0.8771, -0.3842, 2.9272, -0.0190, -0.0028, 0.1464, -0.3800, -0.0560, 0.2778, 0.0410
0.7500,0.1342, 0.3408, 0.0101, 0.0283, 0.3615, 0.9711, -0.4697, 0.8642, -0.3281, 3.1164, -0.0162, -0.0024, 0.1558, -0.3244, -0.0494, 0.2801, 0.0441
0.7800,0.1342, 0.3408, 0.0108, 0.0291, 0.3596, 0.9688, -0.4214, 0.9237, -0.3312, 3.0872, -0.0163, -0.0025, 0.1544, -0.3272, -0.0509, 0.2801, 0.0436
0.8100,0.1516, 0.3587, 0.0115, 0.0299, 0.4084, 1.0217, -0.4282, 0.9148, -0.2744, 3.2585, -0.0136, -0.0021, 0.1629, -0.2709, -0.0433, 0.2825, 0.0465
0.8400,0.1700, 0.3756, 0.0130, 0.0314, 0.4596, 1.0719, -0.3775, 0.9711, -0.2750, 3.2396, -0.0135, -0.0022, 0.1620, -0.2714, -0.0444, 0.2825, 0.0462
0.8700,0.1700, 0.3756, 0.0137, 0.0321, 0.4553, 1.0671, -0.3292, 1.0175, -0.2159, 3.3976, -0.0107, -0.0018, 0.1699, -0.2130, -0.0357, 0.2850, 0.0490
0.9000,0.1892, 0.3917, 0.0145, 0.0327, 0.5089, 1.1147, -0.3401, 1.0073, -0.1455, 3.5317, -0.0073, -0.0013, 0.1765, -0.1433, -0.0255, 0.2880, 0.0514
0.9300,0.1892, 0.3917, 0.0152, 0.0334, 0.5067, 1.1127, -0.2833, 1.0583, -0.1579, 3.5047, -0.0078, -0.0014, 0.1752, -0.1555, -0.0276, 0.2876, 0.0509
0.9600,0.2092, 0.4067, 0.0160, 0.0340, 0.5624, 1.1572, -0.2338, 1.0970, -0.0872, 3.6403, -0.0045, -0.0008, 0.1820, -0.0858, -0.0158, 0.2906, 0.0535
0.9900,0.2298, 0.4207, 0.0177, 0.0353, 0.6201, 1.1987, -0.1789, 1.1364, -0.0314, 3.7373, -0.0015, -0.0003, 0.1869, -0.0308, -0.0058, 0.2932, 0.0554
1.0200,0.2298, 0.4207, 0.0185, 0.0359, 0.6151, 1.1947, -0.1880, 1.1300, 0.0408, 3.8322, 0.0019, 0.0004, 0.1916, 0.0401, 0.0078, 0.2964, 0.0575
1.0500,0.2512, 0.4337, 0.0193, 0.0364, 0.6748, 1.2332, -0.1904, 1.1282, 0.0306, 3.8172, 0.0015, 0.0003, 0.1909, 0.0301, 0.0058, 0.2961, 0.0572
1.0800,0.2512, 0.4337, 0.0202, 0.0370, 0.6724, 1.2316, -0.1272, 1.1691, 0.0269, 3.8128, 0.0013, 0.0003, 0.1906, 0.0264, 0.0051, 0.2959, 0.0571
1.1100,0.2732, 0.4456, 0.0211, 0.0375, 0.7337, 1.2668, -0.1316, 1.1660, 0.0966, 3.9067, 0.0030, 0.0006, 0.1930, 0.0949, 0.0183, 0.2975, 0.0581
1.1400,0.2958, 0.4564, 0.0230, 0.0385, 0.7965, 1.2986, -0.0725, 1.1999, 0.0967, 3.8982, 0.0048, 0.0009, 0.1949, 0.0954, 0.0188, 0.2991, 0.0590
1.1700,0.2958, 0.4564, 0.0238, 0.0389, 0.7911, 1.2955, -0.0085, 1.2323, 0.1613, 3.9707, 0.0063, 0.0012, 0.1967, 0.1582, 0.0312, 0.3005, 0.0599
1.2000,0.3188, 0.4660, 0.0247, 0.0393, 0.8555, 1.3240, -0.0255, 1.2227, 0.2385, 4.0300, 0.0115, 0.0023, 0.2016, 0.2301, 0.0467, 0.3054, 0.0624
1.2300,0.3188, 0.4660, 0.0256, 0.0397, 0.8530, 1.3229, 0.0421, 1.2531, 0.2197, 4.0102, 0.0112, 0.0023, 0.2010, 0.2152, 0.0440, 0.3052, 0.0622
1.2600,0.3423, 0.4745, 0.0266, 0.0401, 0.9185, 1.3478, 0.0339, 1.2492, 0.2942, 4.0625, 0.0142, 0.0029, 0.2033, 0.2849, 0.0583, 0.3081, 0.0635
1.2900,0.3663, 0.4818, 0.0286, 0.0408, 0.9851, 1.3693, 0.1022, 1.2755, 0.2852, 4.0556, 0.0142, 0.0029, 0.2030, 0.2793, 0.0575, 0.3080, 0.0634
1.3200,0.3663, 0.4818, 0.0295, 0.0410, 0.9793, 1.3672, 0.1654, 1.2954, 0.3595, 4.0936, 0.0175, 0.0036, 0.2048, 0.3496, 0.0723, 0.3112, 0.0646
1.3500,0.3905, 0.4879, 0.0304, 0.0413, 1.0470, 1.3851, 0.1573, 1.2925, 0.4252, 4.1157, 0.0192, 0.0040, 0.2052, 0.4163, 0.0864, 0.3129, 0.0651
1.3800,0.3905, 0.4879, 0.0314, 0.0415, 1.0443, 1.3844, 0.2241, 1.3101, 0.4178, 4.1107, 0.0205, 0.0043, 0.2055, 0.4093, 0.0854, 0.3142, 0.0655
1.4100,0.4150, 0.4927, 0.0324, 0.0417, 1.1126, 1.3987, 0.2194, 1.3088, 0.4868, 4.1226, 0.0221, 0.0046, 0.2058, 0.4765, 0.0993, 0.3158, 0.0659
1.4400,0.4397, 0.4964, 0.0344, 0.0421, 1.1814, 1.4093, 0.2863, 1.3225, 0.4825, 4.1207, 0.0236, 0.0049, 0.2060, 0.4724, 0.0988, 0.3173, 0.0663
1.4700,0.4397, 0.4964, 0.0354, 0.0423, 1.1755, 1.4081, 0.3531, 1.3325, 0.5508, 4.1199, 0.0253, 0.0053, 0.2060, 0.5392, 0.1127, 0.3189, 0.0667
1.5000,0.4646, 0.4987, 0.0363, 0.0423, 1.2449, 1.4151, 0.4080, 1.3369, 0.6174, 4.1084, 0.0303, 0.0063, 0.2054, 0.6051, 0.1262, 0.3240, 0.0675
1.5300,0.4646, 0.4987, 0.0373, 0.0424, 1.2421, 1.4148, 0.4069, 1.3368, 0.6721, 4.0852, 0.0316, 0.0066, 0.2048, 0.6580, 0.1371, 0.3253, 0.0676
1.5600,0.4896, 0.4999, 0.0383, 0.0425, 1.3117, 1.4181, 0.4034, 1.3366, 0.6698, 4.0880, 0.0328, 0.0068, 0.2044, 0.6556, 0.1359, 0.3265, 0.0677
1.5900,0.5146, 0.4998, 0.0404, 0.0425, 1.3812, 1.4176, 0.4760, 1.3400, 0.6663, 4.0896, 0.0327, 0.0068, 0.2044, 0.6524, 0.1352, 0.3265, 0.0677
1.6200,0.5146, 0.4998, 0.0404, 0.0425, 1.3812, 1.4176, 0.5414, 1.3392, 0.7359, 4.0560, 0.0361, 0.0075, 0.2026, 0.7230, 0.1492, 0.3300, 0.0678
1.6500,0.5396, 0.4984, 0.0413, 0.0425, 1.3752, 1.4175, 0.5337, 1.3391, 0.8000, 4.0090, 0.0376, 0.0077, 0.2016, 0.7836, 0.1611, 0.3315, 0.0678
1.6800,0.5644, 0.4958, 0.0444, 0.0423, 1.5142, 1.4054, 0.6028, 1.3349, 0.7903, 4.0186, 0.0387, 0.0079, 0.2010, 0.7737, 0.1574, 0.3326, 0.0678
1.7100,0.5644, 0.4958, 0.0444, 0.0423, 1.5142, 1.4054, 0.6028, 1.3349, 0.8571, 3.9590, 0.0404, 0.0082, 0.1994, 0.8399, 0.1711, 0.3344, 0.0677
1.7400,0.5891, 0.4920, 0.0453, 0.0422, 1.5081, 1.4060, 0.6731, 1.3268, 0.9171, 3.9048, 0.0452, 0.0090, 0.1948, 0.9032, 0.1797, 0.3395, 0.0671
1.7700,0.5891, 0.4920, 0.0473, 0.0418, 1.5743, 1.3950, 0.6551, 1.3288, 0.9004, 3.9216, 0.0446, 0.0088, 0.1957, 0.8833, 0.1747, 0.3389, 0.0671
1.8000,0.6136, 0.4869, 0.0482, 0.0416, 1.6424, 1.3798, 0.7287, 1.3165, 0.9660, 3.8458, 0.0476, 0.0094, 0.1916, 0.9530, 0.1871, 0.3422, 0.0665
1.8300,0.6378, 0.4806, 0.0482, 0.0416, 1.6424, 1.3798, 0.7863, 1.3036, 1.0244, 3.7586, 0.0488, 0.0095, 0.1901, 1.0055, 0.1958, 0.3434, 0.0662
1.8600,0.6378, 0.4806, 0.0503, 0.0411, 1.7097, 1.3610, 0.7863, 1.3036, 1.0172, 3.7756, 0.0499, 0.0095, 0.1890, 0.9980, 0.1903, 0.3446, 0.0659
1.8900,0.6616, 0.4732, 0.0521, 0.0405, 1.7703, 1.3401, 0.8530, 1.2850, 1.0790, 3.6737, 0.0515, 0.0098, 0.1862, 1.0599, 0.2025, 0.3463, 0.0654
1.9200,0.6616, 0.4732, 0.0521, 0.0405, 1.7703, 1.3401, 0.9172, 1.2631, 1.1275, 3.5985, 0.0557, 0.0103, 0.1791, 1.1139, 0.2043, 0.3509, 0.0637
1.9500,0.6851, 0.4645, 0.0540, 0.0398, 1.8329, 1.3152, 0.9056, 1.2678, 1.1162, 3.6203, 0.0552, 0.0100, 0.1805, 1.0982, 0.1998, 0.3503, 0.0639
1.9800,0.7081, 0.4546, 0.0559, 0.0390, 1.8968, 1.2859, 0.9056, 1.2678, 1.1187, 3.6147, 0.0550, 0.0101, 0.1807, 1.1008, 0.2013, 0.3502, 0.0640
2.0100,0.7081, 0.4546, 0.0568, 0.0386, 1.8912, 1.2885, 1.0436, 1.2085, 1.2438, 3.3375, 0.0581, 0.0106, 0.1738, 1.2236, 0.2236, 0.3536, 0.0625
2.0400,0.7305, 0.4437, 0.0568, 0.0386, 1.8912, 1.2885, 1.0306, 1.2144, 1.2223, 3.4042, 0.0600, 0.0102, 0.1711, 1.2006, 0.2048, 0.3557, 0.0612
2.0700,0.7305, 0.4437, 0.0586, 0.0377, 1.9513, 1.2571, 1.0896, 1.1841, 1.2744, 3.2749, 0.0615, 0.0106, 0.1670, 1.2560, 0.2159, 0.3573, 0.0604
2.1000,0.7524, 0.4316, 0.0595, 0.0372, 2.0122, 1.2211, 1.0849, 1.1866, 1.2657, 3.3048, 0.0623, 0.0103, 0.1656, 1.2467, 0.2072, 0.3582, 0.0598
2.1300,0.7737, 0.4184, 0.0613, 0.0360, 2.0713, 1.1820, 1.1457, 1.1510, 1.3194, 3.1562, 0.0637, 0.0106, 0.1615, 1.3014, 0.2170, 0.3598, 0.0589
2.1600,0.7737, 0.4184, 0.0621, 0.0355, 2.0660, 1.1854, 1.2053, 1.1112, 1.3591, 3.0559, 0.0674, 0.0106, 0.1513, 1.3487, 0.2101, 0.3640, 0.0558
2.1900,0.7943, 0.4042, 0.0621, 0.0355, 2.0660, 1.1854, 1.1904, 1.1224, 1.3474, 3.0939, 0.0669, 0.0103, 0.1537, 1.3317, 0.2051, 0.3633, 0.0562
2.2200,0.7943, 0.4042, 0.0628, 0.0349, 2.1234, 1.1431, 1.1923, 1.1213, 1.3502, 3.0836, 0.0667, 0.0104, 0.1540, 1.3348, 0.2077, 0.3632, 0.0564
2.2500,0.8141, 0.3890, 0.0637, 0.0343, 2.1211, 1.1449, 1.2525, 1.0764, 1.4029, 2.9042, 0.0680, 0.0106, 0.1497, 1.3863, 0.2154, 0.3647, 0.0553
2.2800,0.8331, 0.3729, 0.0661, 0.0323, 2.2292, 1.0515, 1.3056, 1.0325, 1.4359, 2.8066, 0.0713, 0.0103, 0.1388, 1.4268, 0.2040, 0.3684, 0.0518
2.3100,0.8331, 0.3729, 0.0661, 0.0323, 2.2292, 1.0515, 1.3523, 0.9909, 1.4776, 2.6399, 0.0721, 0.0102, 0.1362, 1.4631, 0.2067, 0.3694, 0.0509
2.3400,0.8514, 0.3557, 0.0668, 0.0316, 2.2245, 1.0558, 1.3471, 0.9961, 1.4689, 2.6856, 0.0727, 0.0097, 0.1350, 1.4534, 0.1952, 0.3699, 0.0501
2.3700,0.8514, 0.3557, 0.0675, 0.0309, 2.2752, 1.0048, 1.3981, 0.9453, 1.5121, 2.4989, 0.0739, 0.0100, 0.1296, 1.4984, 0.2024, 0.3713, 0.0488
2.4000,0.8687, 0.3377, 0.0682, 0.0302, 2.2732, 1.0070, 1.3942, 0.9493, 1.5040, 2.5452, 0.0745, 0.0094, 0.1280, 1.4896, 0.1894, 0.3720, 0.0477
2.4300,0.8851, 0.3189, 0.0689, 0.0294, 2.3214, 0.9534, 1.4423, 0.8966, 1.5445, 2.3545, 0.0756, 0.0097, 0.1225, 1.5320, 0.1960, 0.3733, 0.0463
2.4600,0.8851, 0.3189, 0.0703, 0.0278, 2.3670, 0.8974, 1.4791, 0.8532, 1.5713, 2.2385, 0.0783, 0.0091, 0.1099, 1.5663, 0.1790, 0.3765, 0.0420
2.4900,0.9006, 0.2992, 0.0709, 0.0270, 2.3629, 0.9025, 1.4782, 0.8544, 1.5651, 2.2757, 0.0779, 0.0087, 0.1129, 1.5553, 0.1748, 0.3760, 0.0425
2.5200,0.9006, 0.2992, 0.0722, 0.0254, 2.4042, 0.8464, 1.5234, 0.7923, 1.5655, 2.2716, 0.0778, 0.0089, 0.1135, 1.5555, 0.1775, 0.3758, 0.0429
2.5500,0.9150, 0.2788, 0.0727, 0.0245, 2.4443, 0.7858, 1.5621, 0.7336, 1.6034, 2.0484, 0.0787, 0.0090, 0.1080, 1.5930, 0.1817, 0.3770, 0.0413
2.5800,0.9284, 0.2578, 0.0739, 0.0226, 2.4816, 0.7231, 1.5621, 0.7336, 1.6246, 1.9404, 0.0810, 0.0082, 0.0950, 1.6209, 0.1605, 0.3797, 0.0366
2.6100,0.9284, 0.2578, 0.0739, 0.0226, 2.4816, 0.7231, 1.5948, 0.6797, 1.6531, 1.7401, 0.0816, 0.0079, 0.0920, 1.6454, 0.1601, 0.3803, 0.0355
2.6400,0.9408, 0.2360, 0.0744, 0.0218, 2.4782, 0.7289, 1.5897, 0.6900, 1.6482, 1.7892, 0.0820, 0.0072, 0.0904, 1.6399, 0.1458, 0.3808, 0.0343
2.6700,0.9408, 0.2360, 0.0749, 0.0209, 2.5125, 0.6641, 1.6254, 0.6223, 1.6450, 1.8175, 0.0820, 0.0074, 0.0902, 1.6384, 0.1470, 0.3808, 0.0344
2.7000,0.9520, 0.2137, 0.0758, 0.0190, 2.5424, 0.6005, 1.6529, 0.5636, 1.6693, 1.6419, 0.0834, 0.0073, 0.0787, 1.6691, 0.1419, 0.3825, 0.0309
2.7300,0.9622, 0.1908, 0.0758, 0.0190, 2.5424, 0.6005, 1.6529, 0.5636, 1.6936, 1.4205, 0.0838, 0.0068, 0.0766, 1.6879, 0.1389, 0.3829, 0.0298
2.7600,0.9622, 0.1908, 0.0771, 0.0161, 2.5678, 0.5389, 1.6517, 0.5672, 1.6887, 1.4847, 0.0842, 0.0061, 0.0745, 1.6842, 0.1230, 0.3834, 0.0284
2.7900,0.9711, 0.1675, 0.0774, 0.0151, 2.5927, 0.4694, 1.6796, 0.5007, 1.7121, 1.2491, 0.0854, 0.0061, 0.0625, 1.7081, 0.1169, 0.3848, 0.0248
2.8200,0.9711, 0.1675, 0.0778, 0.0141, 2.5917, 0.4723, 1.7013, 0.4393, 1.7230, 1.1483, 0.0861, 0.0049, 0.0564, 1.7203, 0.0954, 0.3856, 0.0218
2.8500,0.9789, 0.1437, 0.0781, 0.0131, 2.6133, 0.4018, 1.6990, 0.4484, 1.7220, 1.1674, 0.0860, 0.0050, 0.0584, 1.7191, 0.0996, 0.3854, 0.0225
2.8800,0.9855, 0.1196, 0.0781, 0.0131, 2.6133, 0.4018, 1.7219, 0.3728, 1.7370, 0.9816, 0.0868, 0.0042, 0.0472, 1.7352, 0.0786, 0.3865, 0.0184
2.9100,0.9855, 0.1196, 0.0787, 0.0110, 2.6315, 0.3302, 1.7388, 0.3073, 1.7517, 0.7387, 0.0875, 0.0040, 0.0369, 1.7501, 0.0753, 0.3873, 0.0151
2.9400,0.9909, 0.0952, 0.0789, 0.0100, 2.6297, 0.3368, 1.7355, 0.3210, 1.7476, 0.8215, 0.0873, 0.0036, 0.0419, 1.7460, 0.0747, 0.3870, 0.0162
2.9700,0.9909, 0.0952, 0.0791, 0.0090, 2.6446, 0.2641, 1.7515, 0.2428, 1.7479, 0.8203, 0.0873, 0.0036, 0.0410, 1.7464, 0.0717, 0.3871, 0.0159
3.0000,0.9950, 0.0706, 0.0795, 0.0069, 2.6554, 0.1940, 1.7494, 0.2551, 1.7577, 0.6429, 0.0879, 0.0033, 0.0285, 1.7590, 0.0611, 0.3878, 0.0119
3.0300,0.9979, 0.0457, 0.0795, 0.0069, 2.6554, 0.1940, 1.7494, 0.2551, 1.7567, 0.6625, 0.0878, 0.0027, 0.0326, 1.7558, 0.0565, 0.3877, 0.0125
3.0600,0.9979, 0.0457, 0.0798, 0.0047, 2.6634, 0.1203, 1.7617, 0.1766, 1.7649, 0.4730, 0.0883, 0.0026, 0.0197, 1.7660, 0.0467, 0.3882, 0.0085
3.0900,0.9996, 0.0208, 0.0799, 0.0037, 2.6626, 0.1272, 1.7689, 0.1085, 1.7710, 0.2220, 0.0884, 0.0020, 0.0174, 1.7705, 0.0419, 0.3883, 0.0072
3.1200,0.9996, 0.0208, 0.0799, 0.0027, 2.6671, 0.0529, 1.7725, 0.0429, 1.7697, 0.2927, 0.0885, 0.0011, 0.0161, 1.7691, 0.0241, 0.3884, 0.0059
3.1500,1.0000, -0.0042, 0.0800, 0.0016, 2.6669, 0.0561, 1.7725, 0.0429, 1.7729, 0.0567, 0.0886, 0.0013, 0.0087, 1.7727, 0.0259, 0.3885, 0.0039
3.1800,0.9991, -0.0292, 0.0800, 0.0006, 2.6679, -0.0181, 1.7732, -0.0286, 1.7733, -0.0621, 0.0887, 0.0001, -0.0056, 1.7731, -0.0025, 0.3887, -0.0016
3.2100,0.9991, -0.0292, 0.0800, -0.0017, 2.6655, -0.0922, 1.7729, -0.0113, 1.7729, -0.0194, 0.0887, -0.0003, -0.0020, 1.7729, -0.0055, 0.3887, -0.0009
3.2400,0.9971, -0.0541, 0.0800, -0.0027, 2.6655, -0.0853, 1.7704, -0.0945, 1.7716, -0.2236, 0.0885, -0.0004, -0.0155, 1.7704, -0.0145, 0.3885, -0.0050
3.2700,0.9971, -0.0541, 0.0799, -0.0037, 2.6596, -0.1594, 1.7646, -0.1552, 1.7662, -0.4515, 0.0884, -0.0011, -0.0169, 1.7661, -0.0197, 0.3884, -0.0061
3.3000,0.9937, -0.0789, 0.0798, -0.0047, 2.6598, -0.1563, 1.7649, -0.1519, 1.7674, -0.3965, 0.0884, -0.0019, -0.0187, 1.7675, -0.0365, 0.3883, -0.0075
3.3300,0.9892, -0.1035, 0.0797, -0.0058, 2.6505, -0.2298, 1.7651, -0.1477, 1.7677, -0.3756, 0.0884, -0.0017, -0.0193, 1.7673, -0.0350, 0.3883, -0.0075
3.3600,0.9892, -0.1035, 0.0791, -0.0090, 2.6386, -0.2959, 1.7431, -0.2918, 1.7616, -0.5612, 0.0879, -0.0019, -0.0319, 1.7587, -0.0446, 0.3878, -0.0115
3.3900,0.9834, -0.1278, 0.0791, -0.0090, 2.6386, -0.2959, 1.7431, -0.2918, 1.7506, -0.8093, 0.0878, -0.0025, -0.0343, 1.7499, -0.0491, 0.3876, -0.0128
3.4200,0.9834, -0.1278, 0.0789, -0.0100, 2.6223, -0.3683, 1.7301, -0.3429, 1.7425, -0.9191, 0.0869, -0.0037, -0.0482, 1.7386, -0.0771, 0.3866, -0.0181
3.4500,0.9764, -0.1518, 0.0787, -0.0110, 2.6230, -0.3652, 1.7296, -0.3450, 1.7440, -0.8768, 0.0871, -0.0041, -0.0449, 1.7422, -0.0801, 0.3868, -0.0175
3.4800,0.9682, -0.1754, 0.0784, -0.0120, 2.6034, -0.4364, 1.7296, -0.3450, 1.7430, -0.8962, 0.0871, -0.0039, -0.0443, 1.7413, -0.0764, 0.3868, -0.0172
3.5100,0.9682, -0.1754, 0.0778, -0.0141, 2.5805, -0.5064, 1.7091, -0.4205, 1.7261, -1.1457, 0.0866, -0.0039, -0.0510, 1.7244, -0.0771, 0.3863, -0.0192
3.5400,0.9589, -0.1986, 0.0774, -0.0151, 2.5824, -0.4999, 1.6859, -0.4909, 1.7112, -1.3118, 0.0854, -0.0051, -0.0656, 1.7080, -0.1051, 0.3848, -0.0247
3.5700,0.9589, -0.1986, 0.0771, -0.0160, 2.5562, -0.5688, 1.6911, -0.4700, 1.7174, -1.2073, 0.0856, -0.0055, -0.0618, 1.7140, -0.1085, 0.3850, -0.0240
3.6000,0.9484, -0.2213, 0.0767, -0.0170, 2.5572, -0.5659, 1.6630, -0.5443, 1.6928, -1.4765, 0.0845, -0.0054, -0.0738, 1.6890, -0.1135, 0.3837, -0.0275
3.6300,0.9368, -0.2434, 0.0763, -0.0180, 2.5279, -0.6331, 1.6365, -0.6036, 1.6747, -1.6254, 0.0841, -0.0060, -0.0756, 1.6706, -0.1172, 0.3833, -0.0287
3.6600,0.9368, -0.2434, 0.0753, -0.0200, 2.4954, -0.6988, 1.6376, -0.6001, 1.6809, -1.5505, 0.0838, -0.0067, -0.0775, 1.6756, -0.1333, 0.3829, -0.0300
3.6900,0.9241, -0.2649, 0.0749, -0.0209, 2.4981, -0.6926, 1.6036, -0.6678, 1.6511, -1.7994, 0.0830, -0.0065, -0.0843, 1.6460, -0.1296, 0.3819, -0.0318
3.7200,0.9241, -0.2649, 0.0744, -0.0217, 2.4625, -0.7565, 1.6077, -0.6588, 1.6604, -1.7056, 0.0827, -0.0074, -0.0853, 1.6540, -0.1453, 0.3816, -0.0329
3.7500,0.9103, -0.2858, 0.0739, -0.0227, 2.4640, -0.7539, 1.5716, -0.7221, 1.6282, -1.9448, 0.0818, -0.0071, -0.0919, 1.6221, -0.1408, 0.3806, -0.0346
3.7800,0.8955, -0.3059, 0.0733, -0.0235, 2.4255, -0.8157, 1.5746, -0.7168, 1.6367, -1.8685, 0.0815, -0.0079, -0.0934, 1.6293, -0.1558, 0.3801, -0.0359
3.8100,0.8955, -0.3059, 0.0721, -0.0254, 2.3842, -0.8754, 1.5358, -0.7775, 1.6023, -2.0973, 0.0806, -0.0076, -0.0997, 1.5951, -0.1511, 0.3791, -0.0375
3.8400,0.8797, -0.3253, 0.0716, -0.0262, 2.3877, -0.8697, 1.4959, -0.8348, 1.5751, -2.2453, 0.0783, -0.0084, -0.1123, 1.5658, -0.1707, 0.3764, -0.0420
3.8700,0.8797, -0.3253, 0.0710, -0.0270, 2.3436, -0.9273, 1.4577, -0.8807, 1.5458, -2.3828, 0.0777, -0.0086, -0.1147, 1.5364, -0.1702, 0.3757, -0.0430
3.9000,0.8630, -0.3439, 0.0703, -0.0278, 2.3453, -0.9249, 1.4598, -0.8776, 1.5538, -2.3263, 0.0771, -0.0092, -0.1163, 1.5431, -0.1825, 0.3751, -0.0440
3.9300,0.8453, -0.3616, 0.0697, -0.0286, 2.2986, -0.9799, 1.4614, -0.8746, 1.5532, -2.3294, 0.0771, -0.0090, -0.1165, 1.5427, -0.1806, 0.3751, -0.0439
3.9600,0.8453, -0.3616, 0.0682, -0.0302, 2.2494, -1.0324, 1.4129, -0.9324, 1.5116, -2.5397, 0.0750, -0.0090, -0.1270, 1.5005, -0.1836, 0.3726, -0.0470
3.9900,0.8268, -0.3784, 0.0675, -0.0309, 2.2536, -1.0274, 1.3666, -0.9803, 1.4847, -2.6337, 0.0735, -0.0097, -0.1325, 1.4716, -0.1972, 0.3708, -0.0494
4.0200,0.8268, -0.3784, 0.0668, -0.0316, 2.2019, -1.0773, 1.3740, -0.9702, 1.4895, -2.6045, 0.0738, -0.0098, -0.1302, 1.4768, -0.1945, 0.3713, -0.0487
4.0500,0.8075, -0.3943, 0.0661, -0.0323, 2.2040, -1.0752, 1.3189, -1.0243, 1.4495, -2.7639, 0.0716, -0.0099, -0.1395, 1.4352, -0.2033, 0.3687, -0.0516
4.0800,0.7874, -0.4091, 0.0653, -0.0330, 2.1501, -1.1221, 1.2704, -1.0642, 1.4049, -2.9301, 0.0696, -0.0098, -0.1465, 1.3907, -0.1993, 0.3663, -0.0536
4.1100,0.7874, -0.4091, 0.0637, -0.0343, 2.0941, -1.1662, 1.2163, -1.1064, 1.3706, -3.0277, 0.0676, -0.0103, -0.1521, 1.3546, -0.2086, 0.3641, -0.0558
4.1400,0.7666, -0.4230, 0.0629, -0.0349, 2.0989, -1.1619, 1.2253, -1.0973, 1.3767, -3.0000, 0.0681, -0.0104, -0.1500, 1.3611, -0.2067, 0.3647, -0.0552
4.1700,0.7666, -0.4230, 0.0621, -0.0355, 2.0408, -1.2030, 1.2237, -1.0991, 1.3748, -3.0100, 0.0679, -0.0103, -0.1506, 1.3592, -0.2063, 0.3646, -0.0553
4.2000,0.7451, -0.4358, 0.0613, -0.0361, 2.0431, -1.2013, 1.1636, -1.1415, 1.3216, -3.1806, 0.0653, -0.0100, -0.1590, 1.3058, -0.2037, 0.3615, -0.0576
4.2300,0.7230, -0.4475, 0.0604, -0.0366, 1.9832, -1.2391, 1.1723, -1.1347, 1.3342, -3.1302, 0.0660, -0.0104, -0.1561, 1.3180, -0.2070, 0.3623, -0.0571
4.2600,0.7230, -0.4475, 0.0586, -0.0377, 1.9217, -1.2738, 1.1077, -1.1757, 1.2774, -3.2956, 0.0631, -0.0101, -0.1648, 1.2609, -0.2043, 0.3590, -0.0593
4.2900,0.7004, -0.4581, 0.0577, -0.0382, 1.9270, -1.2704, 1.0504, -1.2068, 1.2391, -3.3735, 0.0610, -0.0104, -0.1692, 1.2213, -0.2093, 0.3567, -0.0609
4.3200,0.7004, -0.4581, 0.0569, -0.0386, 1.8637, -1.3018, 1.0600, -1.2000, 1.2464, -3.3499, 0.0614, -0.0104, -0.1675, 1.2289, -0.2085, 0.3572, -0.0605
4.3500,0.6773, -0.4675, 0.0560, -0.0390, 1.8663, -1.3005, 0.9926, -1.2339, 1.1925, -3.4734, 0.0585, -0.0102, -0.1744, 1.1743, -0.2079, 0.3540, -0.0623
4.3800,0.6537, -0.4758, 0.0550, -0.0394, 1.8018, -1.3283, 1.0020, -1.2283, 1.1991, -3.4556, 0.0591, -0.0103, -0.1728, 1.1812, -0.2067, 0.3546, -0.0619
4.4100,0.6537, -0.4758, 0.0531, -0.0402, 1.7361, -1.3527, 0.9330, -1.2586, 1.1432, -3.5711, 0.0561, -0.0101, -0.1792, 1.1247, -0.2046, 0.3513, -0.0636
4.4400,0.6297, -0.4829, 0.0522, -0.0405, 1.7417, -1.3503, 0.8713, -1.2803, 1.0849, -3.6841, 0.0534, -0.0097, -0.1842, 1.0671, -0.1957, 0.3483, -0.0647
4.4700,0.6297, -0.4829, 0.0512, -0.0408, 1.6748, -1.3713, 0.8830, -1.2756, 1.0993, -3.6488, 0.0541, -0.0100, -0.1822, 1.0811, -0.1990, 0.3491, -0.0644
4.5000,0.6054, -0.4888, 0.0503, -0.0411, 1.6775, -1.3704, 0.8109, -1.2983, 1.0330, -3.7654, 0.0508, -0.0094, -0.1883, 1.0153, -0.1904, 0.3455, -0.0656
4.5300,0.5808, -0.4934, 0.0493, -0.0414, 1.6098, -1.3877, 0.8214, -1.2945, 1.0470, -3.7332, 0.0515, -0.0097, -0.1865, 1.0289, -0.1940, 0.3463, -0.0654
4.5600,0.5808, -0.4934, 0.0473, -0.0418, 1.5414, -1.4014, 0.7486, -1.3133, 0.9793, -3.8386, 0.0481, -0.0092, -0.1919, 0.9618, -0.1843, 0.3426, -0.0664
4.5900,0.5561, -0.4968, 0.0463, -0.0420, 1.5474, -1.3999, 0.6850, -1.3253, 0.9289, -3.8913, 0.0455, -0.0089, -0.1948, 0.9112, -0.1800, 0.3398, -0.0670
4.6200,0.5561, -0.4968, 0.0454, -0.0421, 1.4783, -1.4100, 0.6963, -1.3224, 0.9388, -3.8761, 0.0461, -0.0091, -0.1938, 0.9212, -0.1812, 0.3404, -0.0668
4.6500,0.5312, -0.4990, 0.0444, -0.0423, 1.4810, -1.4096, 0.6226, -1.3334, 0.8728, -3.9493, 0.0427, -0.0085, -0.1978, 0.8558, -0.1718, 0.3368, -0.0675
4.6800,0.5062, -0.5000, 0.0434, -0.0424, 1.4117, -1.4159, 0.6329, -1.3315, 0.8819, -3.9383, 0.0432, -0.0086, -0.1969, 0.8648, -0.1728, 0.3374, -0.0673
4.7100,0.5062, -0.5000, 0.0413, -0.0425, 1.3421, -1.4185, 0.5589, -1.3385, 0.8144, -4.0011, 0.0398, -0.0081, -0.2003, 0.7980, -0.1622, 0.3338, -0.0677
4.7400,0.4812, -0.4996, 0.0404, -0.0425, 1.3482, -1.4181, 0.4972, -1.3400, 0.7535, -4.0482, 0.0369, -0.0075, -0.2024, 0.7383, -0.1506, 0.3308, -0.0678
4.7700,0.4812, -0.4996, 0.0394, -0.0425, 1.2784, -1.4170, 0.4334, -1.3386, 0.6956, -4.0767, 0.0340, -0.0070, -0.2039, 0.6812, -0.1409, 0.3278, -0.0678
4.8000,0.4563, -0.4981, 0.0384, -0.0425, 1.2812, -1.4171, 0.4420, -1.3387, 0.7038, -4.0719, 0.0345, -0.0071, -0.2036, 0.6892, -0.1424, 0.3283, -0.0678
4.8300,0.4314, -0.4953, 0.0374, -0.0424, 1.2118, -1.4123, 0.3683, -1.3337, 0.6324, -4.1022, 0.0309, -0.0064, -0.2052, 0.6191, -0.1289, 0.3246, -0.0676
4.8600,0.4314, -0.4953, 0.0353, -0.0422, 1.1426, -1.4038, 0.3788, -1.3344, 0.6427, -4.0977, 0.0315, -0.0065, -0.2049, 0.6292, -0.1308, 0.3252, -0.0676
4.8900,0.4067, -0.4912, 0.0344, -0.0421, 1.1487, -1.4044, 0.3020, -1.3252, 0.5667, -4.1181, 0.0277, -0.0058, -0.2060, 0.5547, -0.1159, 0.3214, -0.0671
4.9200,0.4067, -0.4912, 0.0334, -0.0419, 1.0799, -1.3922, 0.3164, -1.3269, 0.5810, -4.1138, 0.0284, -0.0059, -0.2057, 0.5687, -0.1187, 0.3221, -0.0672
4.9500,0.3823, -0.4860, 0.0324, -0.0418, 1.0826, -1.3928, 0.2427, -1.3139, 0.5065, -4.1214, 0.0248, -0.0052, -0.2061, 0.4957, -0.1036, 0.3184, -0.0666
4.9800,0.3582, -0.4795, 0.0315, -0.0415, 1.0146, -1.3769, 0.2532, -1.3159, 0.5171, -4.1208, 0.0253, -0.0053, -0.2060, 0.5062, -0.1058, 0.3190, -0.0667
5.0100,0.3582, -0.4795, 0.0294, -0.0410, 0.9475, -1.3575, 0.1809, -1.2991, 0.4425, -4.1157, 0.0217, -0.0045, -0.2058, 0.4331, -0.0904, 0.3153, -0.0658
5.0400,0.3344, -0.4718, 0.0285, -0.0408, 0.9533, -1.3592, 0.1183, -1.2806, 0.3775, -4.0982, 0.0185, -0.0039, -0.2049, 0.3696, -0.0770, 0.3122, -0.0649
5.0700,0.3344, -0.4718, 0.0276, -0.0404, 0.8870, -1.3362, 0.1306, -1.2843, 0.3895, -4.1026, 0.0191, -0.0040, -0.2051, 0.3814, -0.0794, 0.3128, -0.0651
5.1000,0.3110, -0.4629, 0.0267, -0.0401, 0.8897, -1.3372, 0.0600, -1.2598, 0.3154, -4.0704, 0.0173, -0.0036, -0.2043, 0.3088, -0.0642, 0.3110, -0.0645
5.1300,0.2881, -0.4529, 0.0257, -0.0397, 0.8246, -1.3107, 0.0701, -1.2636, 0.3245, -4.0773, 0.0159, -0.0033, -0.2039, 0.3174, -0.0656, 0.3097, -0.0640
5.1600,0.2881, -0.4529, 0.0238, -0.0389, 0.7610, -1.2808, 0.0012, -1.2354, 0.2513, -4.0318, 0.0141, -0.0029, -0.2027, 0.2461, -0.0509, 0.3080, -0.0633
5.1900,0.2657, -0.4417, 0.0229, -0.0385, 0.7666, -1.2834, -0.0631, -1.2050, 0.1762, -3.9792, 0.0088, -0.0018, -0.1989, 0.1758, -0.0357, 0.3029, -0.0611
5.2200,0.2657, -0.4417, 0.0221, -0.0380, 0.7042, -1.2501, -0.0453, -1.2134, 0.1954, -3.9947, 0.0091, -0.0018, -0.1993, 0.1915, -0.0386, 0.3032, -0.0612
5.2500,0.2440, -0.4295, 0.0212, -0.0375, 0.7067, -1.2515, -0.1110, -1.1781, 0.1207, -3.9237, 0.0061, -0.0012, -0.1961, 0.1225, -0.0246, 0.3004, -0.0597
5.2800,0.2228, -0.4161, 0.0203, -0.0370, 0.6461, -1.2150, -0.1030, -1.1828, 0.1295, -3.9341, 0.0061, -0.0012, -0.1964, 0.1270, -0.0252, 0.3004, -0.0598
5.3100,0.2228, -0.4161, 0.0185, -0.0359, 0.5873, -1.1753, -0.1661, -1.1444, 0.0559, -3.8502, 0.0030, -0.0006, -0.1925, 0.0596, -0.0117, 0.2974, -0.0580
5.3400,0.2024, -0.4018, 0.0177, -0.0353, 0.5925, -1.1789, -0.2216, -1.1067, -0.0058, -3.7623, 0.0012, -0.0002, -0.1903, -0.0057, 0.0011, 0.2958, -0.0570
5.3700,0.2024, -0.4018, 0.0169, -0.0347, 0.5355, -1.1360, -0.2140, -1.1117, -0.0017, -3.7736, -0.0001, 0.0000, -0.1887, -0.0023, 0.0004, 0.2946, -0.0562
5.4000,0.1827, -0.3864, 0.0161, -0.0341, 0.5378, -1.1378, -0.2696, -1.0693, -0.0643, -3.6695, -0.0016, 0.0003, -0.1861, -0.0631, 0.0121, 0.2932, -0.0552
5.4300,0.1637, -0.3700, 0.0153, -0.0334, 0.4830, -1.0921, -0.2658, -1.0725, -0.0653, -3.6766, -0.0032, 0.0006, -0.1838, -0.0646, 0.0120, 0.2917, -0.0542
5.4600,0.1637, -0.3700, 0.0137, -0.0320, 0.4304, -1.0434, -0.3186, -1.0276, -0.1254, -3.5617, -0.0047, 0.0009, -0.1810, -0.1232, 0.0229, 0.2904, -0.0531
5.4900,0.1457, -0.3528, 0.0130, -0.0314, 0.4351, -1.0478, -0.3720, -0.9781, -0.1997, -3.4239, -0.0095, 0.0017, -0.1714, -0.1899, 0.0335, 0.2861, -0.0495
5.5200,0.1457, -0.3528, 0.0123, -0.0307, 0.3848, -0.9963, -0.3570, -0.9917, -0.1828, -3.4600, -0.0094, 0.0016, -0.1721, -0.1801, 0.0311, 0.2861, -0.0497
5.5500,0.1285, -0.3346, 0.0116, -0.0299, 0.3868, -0.9985, -0.4094, -0.9372, -0.2493, -3.3062, -0.0119, 0.0021, -0.1656, -0.2385, 0.0408, 0.2840, -0.0474
5.5800,0.1122, -0.3156, 0.0109, -0.0291, 0.3390, -0.9446, -0.4032, -0.9444, -0.2423, -3.3261, -0.0121, 0.0020, -0.1658, -0.2390, 0.0399, 0.2838, -0.0475
5.6100,0.1122, -0.3156, 0.0095, -0.0275, 0.2939, -0.8881, -0.4523, -0.8877, -0.3029, -3.1638, -0.0148, 0.0025, -0.1583, -0.2989, 0.0490, 0.2814, -0.0448
5.6400,0.0969, -0.2959, 0.0089, -0.0267, 0.2979, -0.8932, -0.4947, -0.8344, -0.3571, -3.0063, -0.0176, 0.0028, -0.1503, -0.3528, 0.0549, 0.2790, -0.0421
5.6700,0.0969, -0.2959, 0.0083, -0.0259, 0.2553, -0.8343, -0.4854, -0.8454, -0.3523, -3.0299, -0.0174, 0.0027, -0.1515, -0.3483, 0.0531, 0.2791, -0.0426
5.7000,0.0826, -0.2753, 0.0077, -0.0251, 0.2570, -0.8368, -0.5301, -0.7826, -0.4059, -2.8453, -0.0201, 0.0030, -0.1423, -0.4015, 0.0594, 0.2769, -0.0395
5.7300,0.0694, -0.2541, 0.0071, -0.0242, 0.2174, -0.7759, -0.5237, -0.7920, -0.4054, -2.8620, -0.0201, 0.0029, -0.1431, -0.4013, 0.0578, 0.2769, -0.0399
5.7600,0.0694, -0.2541, 0.0060, -0.0223, 0.1806, -0.7128, -0.5649, -0.7272, -0.4554, -2.6677, -0.0225, 0.0032, -0.1334, -0.4510, 0.0628, 0.2748, -0.0367
5.7900,0.0572, -0.2323, 0.0055, -0.0215, 0.1840, -0.7186, -0.5989, -0.6683, -0.5119, -2.4569, -0.0252, 0.0032, -0.1233, -0.5080, 0.0631, 0.2725, -0.0337
5.8200,0.0572, -0.2323, 0.0050, -0.0206, 0.1501, -0.6536, -0.5905, -0.6807, -0.5026, -2.4932, -0.0249, 0.0031, -0.1247, -0.4988, 0.0620, 0.2727, -0.0342
5.8500,0.0462, -0.2099, 0.0045, -0.0196, 0.1515, -0.6563, -0.6263, -0.6113, -0.5526, -2.2621, -0.0273, 0.0032, -0.1136, -0.5490, 0.0629, 0.2708, -0.0308
5.8800,0.0363, -0.1869, 0.0041, -0.0187, 0.1208, -0.5897, -0.6207, -0.6217, -0.5466, -2.2927, -0.0272, 0.0031, -0.1146, -0.5431, 0.0621, 0.2709, -0.0312
5.9100,0.0363, -0.1869, 0.0032, -0.0167, 0.0933, -0.5216, -0.6529, -0.5509, -0.5924, -2.0516, -0.0293, 0.0031, -0.1031, -0.5892, 0.0613, 0.2691, -0.0278
5.9400,0.0275, -0.1635, 0.0028, -0.0157, 0.0958, -0.5278, -0.6778, -0.4872, -0.6244, -1.8468, -0.0311, 0.0031, -0.0923, -0.6214, 0.0608, 0.2677, -0.0245
5.9700,0.0275, -0.1635, 0.0025, -0.0148, 0.0715, -0.4581, -0.6721, -0.5005, -0.6225, -1.8701, -0.0310, 0.0029, -0.0935, -0.6198, 0.0581, 0.2677, -0.0251
6.0000,0.0199, -0.1397, 0.0022, -0.0138, 0.0725, -0.4611, -0.6975, -0.4262, -0.6547, -1.6315, -0.0326, 0.0030, -0.0816, -0.6521, 0.0572, 0.2664, -0.0215
6.0300,0.0135, -0.1155, 0.0019, -0.0128, 0.0515, -0.3904, -0.6938, -0.4372, -0.6557, -1.6421, -0.0327, 0.0027, -0.0821, -0.6535, 0.0537, 0.2663, -0.0219
6.0600,0.0135, -0.1155, 0.0013, -0.0106, 0.0339, -0.3186, -0.7154, -0.3620, -0.6833, -1.3982, -0.0341, 0.0027, -0.0699, -0.6813, 0.0519, 0.2652, -0.0183
6.0900,0.0084, -0.0911, 0.0010, -0.0097, 0.0355, -0.3252, -0.7306, -0.2985, -0.7120, -1.1350, -0.0354, 0.0022, -0.0574, -0.7108, 0.0414, 0.2641, -0.0151
6.1200,0.0084, -0.0911, 0.0009, -0.0087, 0.0212, -0.2524, -0.7421, -0.2326, -0.7277, -0.9144, -0.0363, 0.0020, -0.0457, -0.7268, 0.0373, 0.2634, -0.0117
6.1500,0.0044, -0.0664, 0.0006, -0.0076, 0.0218, -0.2555, -0.7400, -0.2429, -0.7280, -0.9223, -0.0364, 0.0017, -0.0461, -0.7273, 0.0335, 0.2633, -0.0121
6.1800,0.0017, -0.0415, 0.0005, -0.0066, 0.0110, -0.1822, -0.7400, -0.2414, -0.7280, -0.9177, -0.0364, 0.0017, -0.0459, -0.7273, 0.0335, 0.2633, -0.0121
6.2100,0.0017, -0.0415, 0.0002, -0.0044, 0.0036, -0.1084, -0.7512, -0.1651, -0.7453, -0.6332, -0.0372, 0.0014, -0.0324, -0.7449, 0.0248, 0.2627, -0.0084
6.2400,0.0003, -0.0166, 0.0001, -0.0034, 0.0044, -0.1153, -0.7575, -0.0960, -0.7541, -0.3997, -0.0377, 0.0011, -0.0200, -0.7538, 0.0195, 0.2623, -0.0049
6.2700,0.0003, -0.0166, 0.0001, -0.0023, 0.0005, -0.0410, -0.7599, -0.0331, -0.7596, -0.1306, -0.0380, 0.0004, -0.0073, -0.7596, 0.0061, 0.2620, -0.0018
6.3000,-0.0001, -0.0084, 0.0000, -0.0013, 0.0006, -0.0442, -0.7592, -0.0428, -0.7589, -0.1592, -0.0379, 0.0003, -0.0080, -0.7589, 0.0055, 0.2620, -0.0021
6.3300,-0.0011, -0.0334, 0.0000, -0.0010, -0.0003, -0.0221, -0.7602, -0.0186, -0.7601, -0.0724, -0.0380, 0.0002, -0.0039, -0.7601, 0.0031, 0.2620, -0.0010
6.3600,-0.0011, -0.0334, -0.0001, -0.0018, -0.0033, -0.1004, -0.7600, -0.0222, -0.7599, -0.0831, -0.0380, 0.0001, -0.0042, -0.7599, 0.0030, 0.2620, -0.0011
6.3900,-0.0034, -0.0583, -0.0001, -0.0030, -0.0031, -0.0978, -0.7632, -0.1027, -0.7613, -0.3871, -0.0381, 0.0005, -0.0185, -0.7612, 0.0134, 0.2619, -0.0050
6.4200,-0.0034, -0.0583, -0.0002, -0.0040, -0.0096, -0.1714, -0.7627, -0.0915, -0.7608, -0.3541, -0.0380, 0.0007, -0.0177, -0.7607, 0.0141, 0.2619, -0.0046
6.4500,-0.0069, -0.0830, -0.0003, -0.0051, -0.0093, -0.1681, -0.7697, -0.1697, -0.7642, -0.6437, -0.0383, 0.0010, -0.0314, -0.7638, 0.0233, 0.2616, -0.0084
6.4800,-0.0117, -0.1076, -0.0004, -0.0061, -0.0193, -0.2416, -0.7792, -0.2347, -0.7712, -0.8655, -0.0385, 0.0013, -0.0433, -0.7707, 0.0291, 0.2612, -0.0116
6.5100,-0.0117, -0.1076, -0.0008, -0.0083, -0.0327, -0.3144, -0.7924, -0.3042, -0.7740, -1.1611, -0.0388, 0.0021, -0.0572, -0.7728, 0.0436, 0.2608, -0.0151
6.5400,-0.0177, -0.1318, -0.0010, -0.0093, -0.0317, -0.3076, -0.7907, -0.2897, -0.7725, -1.1170, -0.0386, 0.0022, -0.0559, -0.7713, 0.0440, 0.2610, -0.0145
6.5700,-0.0177, -0.1318, -0.0012, -0.0103, -0.0485, -0.3798, -0.8088, -0.3667, -0.7818, -1.4040, -0.0391, 0.0026, -0.0694, -0.7800, 0.0535, 0.2601, -0.0182
6.6000,-0.0249, -0.1558, -0.0014, -0.0113, -0.0478, -0.3767, -0.8064, -0.3554, -0.7795, -1.3702, -0.0389, 0.0027, -0.0685, -0.7776, 0.0540, 0.2604, -0.0178
6.6300,-0.0333, -0.1793, -0.0017, -0.0124, -0.0680, -0.4477, -0.8072, -0.3566, -0.7809, -1.3702, -0.0390, 0.0027, -0.0685, -0.7791, 0.0535, 0.2603, -0.0179
6.6600,-0.0333, -0.1793, -0.0024, -0.0145, -0.0914, -0.5176, -0.8280, -0.4307, -0.7966, -1.6211, -0.0397, 0.0029, -0.0811, -0.7944, 0.0595, 0.2593, -0.0214
6.6900,-0.0428, -0.2024, -0.0027, -0.0154, -0.0895, -0.5110, -0.8503, -0.4960, -0.8001, -1.9117, -0.0402, 0.0034, -0.0939, -0.8043, 0.0705, 0.2585, -0.0247
6.7200,-0.0428, -0.2024, -0.0031, -0.0164, -0.1163, -0.5797, -0.8474, -0.4822, -0.7976, -1.8694, -0.0398, 0.0038, -0.0945, -0.7939, 0.0761, 0.2589, -0.0245
6.7500,-0.0535, -0.2250, -0.0035, -0.0173, -0.1152, -0.5768, -0.8763, -0.5553, -0.8128, -2.1492, -0.0408, 0.0040, -0.1058, -0.8166, 0.0816, 0.2575, -0.0277
6.7800,-0.0653, -0.2471, -0.0039, -0.0183, -0.1451, -0.6438, -0.8720, -0.5446, -0.8085, -2.1167, -0.0403, 0.0043, -0.1066, -0.8039, 0.0867, 0.2580, -0.0276
6.8100,-0.0653, -0.2471, -0.0048, -0.0203, -0.1781, -0.7091, -0.9403, -0.6865, -0.8431, -2.6761, -0.0429, 0.0048, -0.1303, -0.8565, 0.1016, 0.2546, -0.0342
6.8400,-0.0782, -0.2685, -0.0053, -0.0212, -0.1753, -0.7030, -0.9290, -0.6627, -0.8323, -2.6024, -0.0415, 0.0056, -0.1320, -0.8249, 0.1110, 0.2559, -0.0339
6.8700,-0.0782, -0.2685, -0.0058, -0.0220, -0.2114, -0.7666, -0.9327, -0.6635, -0.8390, -2.5954, -0.0416, 0.0054, -0.1298, -0.8317, 0.1087, 0.2559, -0.0334
6.9000,-0.0921, -0.2892, -0.0063, -0.0230, -0.2099, -0.7639, -0.9704, -0.7316, -0.8675, -2.8366, -0.0423, 0.0055, -0.1358, -0.8602, 0.1123, 0.2549, -0.0351
6.9300,-0.1071, -0.3092, -0.0069, -0.0238, -0.2489, -0.8254, -1.0081, -0.7905, -0.8748, -3.1199, -0.0438, 0.0064, -0.1542, -0.8766, 0.1307, 0.2526, -0.0397
6.9600,-0.1071, -0.3092, -0.0081, -0.0257, -0.2906, -0.8847, -1.0466, -0.8413, -0.9032, -3.3123, -0.0439, 0.0069, -0.1608, -0.8922, 0.1403, 0.2522, -0.0411
6.9900,-0.1230, -0.3285, -0.0087, -0.0265, -0.2871, -0.8791, -1.0455, -0.8367, -0.8926, -3.3274, -0.0441, 0.0074, -0.1663, -0.8810, 0.1476, 0.2518, -0.0423
7.0200,-0.1230, -0.3285, -0.0093, -0.0272, -0.3317, -0.9363, -1.0425, -0.8301, -0.8907, -3.3042, -0.0440, 0.0074, -0.1658, -0.8784, 0.1475, 0.2519, -0.0421
7.0500,-0.1399, -0.3469, -0.0099, -0.0281, -0.3299, -0.9339, -1.0893, -0.8903, -0.9163, -3.5582, -0.0457, 0.0078, -0.1762, -0.9145, 0.1577, 0.2496, -0.0448
7.0800,-0.1577, -0.3645, -0.0106, -0.0288, -0.3770, -0.9885, -1.1316, -0.9389, -0.9476, -3.7478, -0.0459, 0.0082, -0.1826, -0.9327, 0.1677, 0.2491, -0.0463
7.1100,-0.1577, -0.3645, -0.0121, -0.0304, -0.4267, -1.0405, -1.1841, -0.9914, -0.9646, -4.0203, -0.0481, 0.0093, -0.1991, -0.9605, 0.1880, 0.2460, -0.0501
7.1400,-0.1764, -0.3811, -0.0127, -0.0311, -0.4224, -1.0356, -1.1728, -0.9768, -0.9542, -3.9711, -0.0470, 0.0096, -0.1998, -0.9350, 0.1905, 0.2470, -0.0500
7.1700,-0.1764, -0.3811, -0.0135, -0.0318, -0.4745, -1.0850, -1.2299, -1.0286, -0.9904, -4.2032, -0.0491, 0.0100, -0.2085, -0.9822, 0.2027, 0.2444, -0.0521
7.2000,-0.1958, -0.3968, -0.0142, -0.0325, -0.4725, -1.0829, -1.2223, -1.0223, -0.9822, -4.1825, -0.0482, 0.0103, -0.2096, -0.9606, 0.2049, 0.2452, -0.0522
7.2300,-0.2160, -0.4115, -0.0150, -0.0332, -0.5267, -1.1294, -1.2812, -1.0705, -1.0182, -4.4106, -0.0504, 0.0108, -0.2189, -1.0076, 0.2190, 0.2424, -0.0543
7.2600,-0.2160, -0.4115, -0.0166, -0.0345, -0.5830, -1.1729, -1.2732, -1.0639, -1.0097, -4.3888, -0.0495, 0.0111, -0.2200, -0.9852, 0.2209, 0.2433, -0.0544
7.2900,-0.2370, -0.4252, -0.0174, -0.0351, -0.5782, -1.1687, -1.3369, -1.1113, -1.0493, -4.6203, -0.0518, 0.0117, -0.2293, -1.0363, 0.2365, 0.2403, -0.0565
7.3200,-0.2370, -0.4252, -0.0182, -0.0357, -0.6367, -1.2093, -1.3256, -1.1025, -1.0380, -4.5891, -0.0508, 0.0119, -0.2302, -1.0104, 0.2377, 0.2413, -0.0565
7.3500,-0.2585, -0.4378, -0.0191, -0.0363, -0.6343, -1.2076, -1.3892, -1.1446, -1.0796, -4.8011, -0.0532, 0.0125, -0.2384, -1.0627, 0.2533, 0.2383, -0.0583
7.3800,-0.2807, -0.4494, -0.0199, -0.0368, -0.6945, -1.2449, -1.3808, -1.1392, -1.0704, -4.7829, -0.0522, 0.0128, -0.2396, -1.0397, 0.2545, 0.2392, -0.0584
7.4100,-0.2807, -0.4494, -0.0218, -0.0379, -0.7563, -1.2790, -1.4460, -1.1778, -1.1130, -4.9883, -0.0547, 0.0135, -0.2478, -1.0927, 0.2714, 0.2362, -0.0601
7.4400,-0.3035, -0.4598, -0.0226, -0.0383, -0.7510, -1.2756, -1.5043, -1.2099, -1.1591, -5.1460, -0.0551, 0.0140, -0.2534, -1.1233, 0.2861, 0.2354, -0.0612
7.4700,-0.3035, -0.4598, -0.0235, -0.0387, -0.8145, -1.3064, -1.4991, -1.2047, -1.1425, -5.1569, -0.0553, 0.0146, -0.2578, -1.1055, 0.2912, 0.2348, -0.0619
7.5000,-0.3267, -0.4690, -0.0244, -0.0392, -0.8119, -1.3052, -1.5635, -1.2346, -1.1970, -5.3081, -0.0566, 0.0149, -0.2616, -1.1574, 0.3052, 0.2332, -0.0627
7.5300,-0.3503, -0.4771, -0.0253, -0.0396, -0.8766, -1.3325, -1.5591, -1.2323, -1.1797, -5.3307, -0.0570, 0.0155, -0.2663, -1.1397, 0.3104, 0.2324, -0.0635
7.5600,-0.3503, -0.4771, -0.0273, -0.0403, -0.9425, -1.3563, -1.6241, -1.2584, -1.2353, -5.4725, -0.0582, 0.0159, -0.2701, -1.1917, 0.3254, 0.2309, -0.0641
7.5900,-0.3744, -0.4840, -0.0282, -0.0407, -0.9369, -1.3539, -1.6912, -1.2825, -1.2676, -5.6746, -0.0617, 0.0174, -0.2820, -1.2326, 0.3515, 0.2265, -0.0660
7.6200,-0.3744, -0.4840, -0.0291, -0.0409, -1.0039, -1.3743, -1.6754, -1.2753, -1.2514, -5.6443, -0.0605, 0.0176, -0.2830, -1.2014, 0.3503, 0.2276, -0.0662
7.6500,-0.3987, -0.4896, -0.0301, -0.0412, -1.0012, -1.3734, -1.7484, -1.2960, -1.3072, -5.8001, -0.0633, 0.0185, -0.2886, -1.2650, 0.3712, 0.2243, -0.0669
7.6800,-0.4233, -0.4941, -0.0311, -0.0415, -1.0690, -1.3901, -1.7390, -1.2937, -1.2964, -5.7899, -0.0624, 0.0186, -0.2897, -1.2423, 0.3707, 0.2251, -0.0671
7.7100,-0.4233, -0.4941, -0.0331, -0.0419, -1.1375, -1.4032, -1.8119, -1.3105, -1.3517, -5.9381, -0.0653, 0.0195, -0.2955, -1.3046, 0.3929, 0.2217, -0.0678
7.7400,-0.4481, -0.4973, -0.0340, -0.0421, -1.1316, -1.4018, -1.8766, -1.3228, -1.4075, -6.0464, -0.0660, 0.0202, -0.2996, -1.3459, 0.4118, 0.2207, -0.0684
7.7700,-0.4481, -0.4973, -0.0350, -0.0422, -1.2008, -1.4112, -1.9422, -1.3300, -1.4476, -6.1873, -0.0696, 0.0218, -0.3080, -1.3908, 0.4381, 0.2163, -0.0691
7.8000,-0.4730, -0.4993, -0.0360, -0.0423, -1.1980, -1.4108, -1.9296, -1.3277, -1.4337, -6.1737, -0.0686, 0.0219, -0.3090, -1.3657, 0.4365, 0.2172, -0.0693
7.8300,-0.4980, -0.5000, -0.0370, -0.0424, -1.2674, -1.4165, -2.0044, -1.3331, -1.4963, -6.2858, -0.0717, 0.0229, -0.3132, -1.4326, 0.4604, 0.2138, -0.0695
7.8600,-0.4980, -0.5000, -0.0391, -0.0425, -1.3370, -1.4185, -1.9946, -1.3326, -1.4859, -6.2769, -0.0709, 0.0230, -0.3141, -1.4132, 0.4594, 0.2144, -0.0697
7.8900,-0.5230, -0.4995, -0.0400, -0.0426, -1.3309, -1.4182, -2.0721, -1.3344, -1.5505, -6.3857, -0.0738, 0.0242, -0.3188, -1.4727, 0.4851, 0.2110, -0.0698
7.9200,-0.5230, -0.4995, -0.0410, -0.0425, -1.4006, -1.4165, -2.0590, -1.3338, -1.5363, -6.3755, -0.0729, 0.0241, -0.3188, -1.4588, 0.4819, 0.2120, -0.0699
7.9500,-0.5479, -0.4977, -0.0420, -0.0425, -1.3979, -1.4165, -2.1341, -1.3315, -1.6027, -6.4627, -0.0762, 0.0254, -0.3227, -1.5202, 0.5075, 0.2083, -0.0698
7.9800,-0.5728, -0.4947, -0.0430, -0.0424, -1.4673, -1.4111, -2.1238, -1.3320, -1.5909, -6.4581, -0.0754, 0.0253, -0.3229, -1.5086, 0.5050, 0.2091, -0.0699
8.0100,-0.5728, -0.4947, -0.0451, -0.0422, -1.5363, -1.4020, -2.1982, -1.3258, -1.6582, -6.5321, -0.0787, 0.0265, -0.3262, -1.5710, 0.5307, 0.2055, -0.0696
8.0400,-0.5974, -0.4904, -0.0460, -0.0421, -1.5303, -1.4027, -2.2629, -1.3170, -1.7207, -6.5780, -0.0815, 0.0276, -0.3289, -1.6291, 0.5539, 0.2024, -0.0693
8.0700,-0.5974, -0.4904, -0.0469, -0.0419, -1.5990, -1.3899, -2.2508, -1.3184, -1.7039, -6.5839, -0.0806, 0.0275, -0.3292, -1.6124, 0.5507, 0.2033, -0.0694
8.1000,-0.6218, -0.4849, -0.0479, -0.0417, -1.5963, -1.3905, -2.3246, -1.3045, -1.7781, -6.6198, -0.0841, 0.0288, -0.3310, -1.6821, 0.5763, 0.1996, -0.0687
8.1300,-0.6459, -0.4783, -0.0489, -0.0415, -1.6641, -1.3740, -2.3141, -1.3067, -1.7632, -6.6280, -0.0834, 0.0287, -0.3314, -1.6673, 0.5735, 0.2003, -0.0689
8.1600,-0.6459, -0.4783, -0.0509, -0.0409, -1.7312, -1.3540, -2.4493, -1.2700, -1.8376, -6.6513, -0.0869, 0.0299, -0.3326, -1.7372, 0.5989, 0.1967, -0.0680
8.1900,-0.6696, -0.4704, -0.0518, -0.0406, -1.7253, -1.3557, -2.4374, -1.2736, -1.8989, -6.6717, -0.0898, 0.0311, -0.3335, -1.7944, 0.6213, 0.1937, -0.0671
8.2200,-0.6696, -0.4704, -0.0528, -0.0403, -1.7914, -1.3321, -2.5080, -1.2483, -1.8860, -6.6717, -0.0891, 0.0309, -0.3336, -1.7821, 0.6175, 0.1944, -0.0674
8.2500,-0.6929, -0.4613, -0.0537, -0.0400, -1.7888, -1.3331, -2.4979, -1.2522, -1.9613, -6.6682, -0.0927, 0.0321, -0.3334, -1.8533, 0.6420, 0.1908, -0.0661
8.2800,-0.7157, -0.4511, -0.0546, -0.0396, -1.8536, -1.3061, -2.5669, -1.2234, -1.9506, -6.6691, -0.0922, 0.0319, -0.3335, -1.8431, 0.6384, 0.1913, -0.0663
8.3100,-0.7157, -0.4511, -0.0566, -0.0387, -1.9171, -1.2756, -2.6258, -1.1947, -2.0266, -6.6487, -0.0957, 0.0331, -0.3326, -1.9154, 0.6619, 0.1878, -0.0648
8.3400,-0.7380, -0.4397, -0.0574, -0.0383, -1.9115, -1.2783, -2.6258, -1.1947, -2.0922, -6.6206, -0.0989, 0.0341, -0.3310, -1.9781, 0.6814, 0.1848, -0.0634
8.3700,-0.7380, -0.4397, -0.0583, -0.0378, -1.9736, -1.2444, -2.6799, -1.1645, -2.0823, -6.6150, -0.0985, 0.0338, -0.3308, -1.9694, 0.6764, 0.1853, -0.0636
8.4000,-0.7596, -0.4273, -0.0592, -0.0374, -1.9711, -1.2459, -2.6703, -1.1699, -2.1564, -6.5724, -0.1020, 0.0350, -0.3286, -2.0403, 0.6981, 0.1820, -0.0619
8.4300,-0.7807, -0.4138, -0.0600, -0.0368, -2.0314, -1.2088, -2.6703, -1.1699, -2.1507, -6.5607, -0.1018, 0.0347, -0.3281, -2.0359, 0.6932, 0.1822, -0.0620
8.4600,-0.7807, -0.4138, -0.0618, -0.0357, -2.0899, -1.1686, -2.7339, -1.1307, -2.2238, -6.5042, -0.1053, 0.0358, -0.3252, -2.1063, 0.7135, 0.1790, -0.0601
8.4900,-0.8010, -0.3992, -0.0626, -0.0351, -2.0847, -1.1722, -2.7882, -1.0928, -2.3008, -6.3896, -0.1087, 0.0365, -0.3211, -2.1742, 0.7281, 0.1760, -0.0582
8.5200,-0.8010, -0.3992, -0.0634, -0.0345, -2.1413, -1.1288, -2.7767, -1.1008, -2.2905, -6.3904, -0.1090, 0.0361, -0.3195, -2.1746, 0.7194, 0.1759, -0.0581
8.5500,-0.8206, -0.3837, -0.0642, -0.0339, -2.1391, -1.1307, -2.8351, -1.0556, -2.3678, -6.2770, -0.1121, 0.0370, -0.3155, -2.2421, 0.7368, 0.1731, -0.0561
8.5800,-0.8394, -0.3672, -0.0650, -0.0332, -2.1935, -1.0844, -2.8274, -1.0617, -2.3615, -6.2758, -0.1124, 0.0365, -0.3138, -2.2461, 0.7290, 0.1729, -0.0561
8.6100,-0.8394, -0.3672, -0.0673, -0.0311, -2.2410, -1.0397, -2.9402, -0.9601, -2.5190, -5.9827, -0.1190, 0.0383, -0.3035, -2.3822, 0.7595, 0.1673, -0.0514
8.6400,-0.8573, -0.3498, -0.0673, -0.0311, -2.2410, -1.0397, -2.9213, -0.9770, -2.5037, -5.9817, -0.1199, 0.0371, -0.2991, -2.3925, 0.7378, 0.1667, -0.0513
8.6700,-0.8573, -0.3498, -0.0680, -0.0304, -2.2910, -0.9878, -2.9716, -0.9232, -2.5784, -5.8067, -0.1227, 0.0376, -0.2930, -2.4560, 0.7490, 0.1645, -0.0490
8.7000,-0.8743, -0.3315, -0.0687, -0.0297, -2.2890, -0.9900, -2.9652, -0.9301, -2.5748, -5.8002, -0.1234, 0.0370, -0.2902, -2.4671, 0.7371, 0.1640, -0.0489
8.7300,-0.8904, -0.3124, -0.0694, -0.0289, -2.3363, -0.9356, -3.0132, -0.8737, -2.6492, -5.6023, -0.1264, 0.0375, -0.2831, -2.5300, 0.7456, 0.1616, -0.0463
8.7600,-0.8904, -0.3124, -0.0708, -0.0272, -2.3810, -0.8788, -3.0549, -0.8196, -2.7093, -5.4407, -0.1287, 0.0371, -0.2761, -2.6037, 0.7490, 0.1599, -0.0446
8.7900,-0.9055, -0.2925, -0.0719, -0.0256, -2.4191, -0.8247, -3.0478, -0.8275, -2.7177, -5.3623, -0.1307, 0.0364, -0.2693, -2.6146, 0.7255, 0.1585, -0.0435
8.8200,-0.9055, -0.2925, -0.0719, -0.0256, -2.4191, -0.8247, -3.0873, -0.7694, -2.7732, -5.1992, -0.1324, 0.0364, -0.2640, -2.6741, 0.7347, 0.1572, -0.0419
8.8500,-0.9197, -0.2718, -0.0731, -0.0239, -2.4566, -0.7658, -3.0839, -0.7741, -2.7861, -5.1067, -0.1344, 0.0356, -0.2568, -2.6889, 0.7107, 0.1557, -0.0406
8.8800,-0.9327, -0.2505, -0.0731, -0.0239, -2.4566, -0.7658, -3.1203, -0.7142, -2.8387, -4.9304, -0.1360, 0.0356, -0.2509, -2.7467, 0.7170, 0.1546, -0.0389
8.9100,-0.9327, -0.2505, -0.0742, -0.0220, -2.4929, -0.7025, -3.1564, -0.6501, -2.9204, -4.5422, -0.1408, 0.0350, -0.2335, -2.8191, 0.6898, 0.1510, -0.0344
8.9400,-0.9447, -0.2286, -0.0752, -0.0203, -2.5229, -0.6430, -3.1443, -0.6671, -2.9133, -4.5265, -0.1420, 0.0331, -0.2267, -2.8385, 0.6560, 0.1503, -0.0344
8.9700,-0.9447, -0.2286, -0.0757, -0.0193, -2.5216, -0.6457, -3.1720, -0.6082, -2.9743, -4.2220, -0.1444, 0.0329, -0.2161, -2.8891, 0.6498, 0.1486, -0.0315
9.0000,-0.9556, -0.2061, -0.0761, -0.0184, -2.5517, -0.5789, -3.1702, -0.6085, -2.9742, -4.1978, -0.1454, 0.0313, -0.2105, -2.9081, 0.6232, 0.1480, -0.0313
9.0300,-0.9653, -0.1830, -0.0770, -0.0163, -2.5787, -0.5105, -3.2311, -0.4639, -2.9746, -4.1795, -0.1454, 0.0310, -0.2093, -2.9088, 0.6187, 0.1480, -0.0314
9.0600,-0.9653, -0.1830, -0.0770, -0.0163, -2.5787, -0.5105, -3.2311, -0.4639, -3.0646, -3.7470, -0.1477, 0.0313, -0.1982, -2.9979, 0.6358, 0.1464, -0.0277
9.0900,-0.9739, -0.1595, -0.0776, -0.0145, -2.6000, -0.4468, -3.2251, -0.4786, -3.0889, -3.4784, -0.1513, 0.0283, -0.1785, -3.0281, 0.5602, 0.1439, -0.0249
9.1200,-0.9739, -0.1595, -0.0776, -0.0145, -2.6000, -0.4468, -3.2424, -0.4144, -3.1218, -3.2308, -0.1529, 0.0270, -0.1677, -3.0747, 0.5402, 0.1429, -0.0230
9.1500,-0.9812, -0.1357, -0.0783, -0.0124, -2.6194, -0.3789, -3.2396, -0.4201, -3.1350, -3.0603, -0.1545, 0.0250, -0.1559, -3.0905, 0.4947, 0.1419, -0.0216
9.1800,-0.9874, -0.1114, -0.0783, -0.0124, -2.6194, -0.3789, -3.2579, -0.3503, -3.1664, -2.8093, -0.1557, 0.0241, -0.1467, -3.1294, 0.4826, 0.1411, -0.0197
9.2100,-0.9874, -0.1114, -0.0791, -0.0093, -2.6349, -0.3136, -3.2675, -0.2963, -3.2161, -2.2492, -0.1587, 0.0217, -0.1222, -3.1756, 0.4195, 0.1391, -0.0149
9.2400,-0.9924, -0.0869, -0.0793, -0.0083, -2.6486, -0.2407, -3.2800, -0.2203, -3.2136, -2.2039, -0.1597, 0.0184, -0.1113, -3.1933, 0.3607, 0.1385, -0.0149
9.2700,-0.9924, -0.0869, -0.0795, -0.0073, -2.6481, -0.2438, -3.2800, -0.2203, -3.2434, -1.7853, -0.1609, 0.0172, -0.0966, -3.2186, 0.3340, 0.1377, -0.0117
9.3000,-0.9961, -0.0622, -0.0795, -0.0073, -2.6481, -0.2438, -3.2767, -0.2302, -3.2443, -1.7378, -0.1615, 0.0148, -0.0881, -3.2314, 0.2892, 0.1373, -0.0116
9.3300,-0.9986, -0.0374, -0.0796, -0.0062, -2.6583, -0.1704, -3.2767, -0.2302, -3.2450, -1.6986, -0.1616, 0.0140, -0.0856, -3.2323, 0.2795, 0.1373, -0.0116
9.3600,-0.9986, -0.0374, -0.0799, -0.0040, -2.6651, -0.0965, -3.2873, -0.1536, -3.2624, -1.4396, -0.1621, 0.0138, -0.0785, -3.2507, 0.2767, 0.1370, -0.0097
9.3900,-0.9998, -0.0124, -0.0799, -0.0030, -2.6644, -0.1034, -3.2935, -0.0827, -3.2844, -0.8591, -0.1636, 0.0110, -0.0532, -3.2726, 0.2051, 0.1360, -0.0049
9.4200,-0.9998, -0.0124, -0.0800, -0.0020, -2.6677, -0.0291, -3.2906, -0.0974, -3.2834, -0.7953, -0.1640, 0.0075, -0.0414, -3.2804, 0.1410, 0.1357, -0.0049
9.4500,-0.9998, 0.0126, -0.0800, -0.0009, -2.6676, -0.0322, -3.2933, -0.0198, -3.2917, -0.3417, -0.1644, 0.0059, -0.0251, -3.2882, 0.1067, 0.1355, -0.0016
9.4800,-0.9986, 0.0376, -0.0800, 0.0001, -2.6675, 0.0419, -3.2922, 0.0473, -3.2917, -0.2880, -0.1646, 0.0031, -0.0157, -3.2912, 0.0562, 0.1354, -0.0016
9.5100,-0.9986, 0.0376, -0.0800, 0.0024, -2.6638, 0.1160, -3.2883, 0.1179, -3.2922, 0.1574, -0.1646, 0.0018, -0.0000, -3.2925, 0.0237, 0.1354, 0.0018
9.5400,-0.9961, 0.0624, -0.0799, 0.0034, -2.6640, 0.1091, -3.2886, 0.1078, -3.2873, 0.4792, -0.1645, -0.0010, 0.0159, -3.2872, -0.0259, 0.1355, 0.0038
9.5700,-0.9961, 0.0624, -0.0798, 0.0044, -2.6569, 0.1831, -3.2817, 0.1809, -3.2837, 0.7000, -0.1642, -0.0042, 0.0311, -3.2839, -0.0904, 0.1357, 0.0051
9.6000,-0.9923, 0.0872, -0.0797, 0.0054, -2.6572, 0.1800, -3.2825, 0.1750, -3.2734, 0.9854, -0.1638, -0.0056, 0.0421, -3.2714, -0.1146, 0.1359, 0.0071
9.6300,-0.9874, 0.1117, -0.0796, 0.0065, -2.6466, 0.2533, -3.2825, 0.1750, -3.2675, 1.1956, -0.1633, -0.0083, 0.0561, -3.2653, -0.1722, 0.1362, 0.0085
9.6600,-0.9874, 0.1117, -0.0792, 0.0087, -2.6327, 0.3260, -3.2725, 0.2472, -3.2519, 1.4742, -0.1627, -0.0096, 0.0667, -3.2460, -0.1943, 0.1366, 0.0104
9.6900,-0.9812, 0.1359, -0.0790, 0.0097, -2.6337, 0.3192, -3.2585, 0.3206, -3.2145, 2.0759, -0.1608, -0.0127, 0.0933, -3.2148, -0.2691, 0.1379, 0.0153
9.7200,-0.9812, 0.1359, -0.0788, 0.0107, -2.6163, 0.3912, -3.2627, 0.3018, -3.2139, 2.1276, -0.1599, -0.0162, 0.1051, -3.1966, -0.3330, 0.1385, 0.0152
9.7500,-0.9738, 0.1598, -0.0785, 0.0117, -2.6171, 0.3882, -3.2462, 0.3770, -3.1778, 2.5424, -0.1584, -0.0175, 0.1199, -3.1675, -0.3599, 0.1394, 0.0184
9.7800,-0.9652, 0.1832, -0.0782, 0.0127, -2.5963, 0.4590, -3.2490, 0.3673, -3.1762, 2.5874, -0.1576, -0.0199, 0.1282, -3.1506, -0.4027, 0.1399, 0.0185
9.8100,-0.9652, 0.1832, -0.0775, 0.0148, -2.5723, 0.5286, -3.2289, 0.4410, -3.1337, 2.9818, -0.1559, -0.0208, 0.1423, -3.1161, -0.4259, 0.1411, 0.0218
9.8400,-0.9555, 0.2063, -0.0772, 0.0158, -2.5743, 0.5221, -3.2064, 0.5071, -3.0955, 3.2592, -0.1540, -0.0229, 0.1560, -3.0611, -0.4598, 0.1423, 0.0237
9.8700,-0.9555, 0.2063, -0.0764, 0.0177, -2.5481, 0.5877, -3.2109, 0.4974, -3.0819, 3.4305, -0.1523, -0.0253, 0.1686, -3.0453, -0.5096, 0.1434, 0.0251
9.9000,-0.9446, 0.2288, -0.0760, 0.0186, -2.5177, 0.6544, -3.1885, 0.5590, -3.0426, 3.6672, -0.1509, -0.0260, 0.1774, -2.9979, -0.5193, 0.1444, 0.0269
9.9300,-0.9326, 0.2507, -0.0760, 0.0186, -2.5177, 0.6544, -3.1885, 0.5590, -3.0273, 3.8218, -0.1491, -0.0278, 0.1885, -2.9809, -0.5607, 0.1456, 0.0284
9.9600,-0.9326, 0.2507, -0.0746, 0.0215, -2.4870, 0.7133, -3.1240, 0.6954, -2.9368, 4.2408, -0.1464, -0.0282, 0.2016, -2.8833, -0.5578, 0.1475, 0.0318
9.9900,-0.9195, 0.2720, -0.0741, 0.0223, -2.4504, 0.7766, -3.1310, 0.6812, -2.9127, 4.4520, -0.1427, -0.0311, 0.2192, -2.8452, -0.6234, 0.1501, 0.0341
10.0200,-0.9195, 0.2720, -0.0735, 0.0233, -2.4519, 0.7740, -3.1071, 0.7292, -2.8605, 4.6881, -0.1394, -0.0320, 0.2344, -2.7862, -0.6480, 0.1524, 0.0377
10.0500,-0.9054, 0.2926, -0.0735, 0.0233, -2.4519, 0.7740, -3.1071, 0.7292, -2.8469, 4.8085, -0.1385, -0.0335, 0.2395, -2.7663, -0.6725, 0.1529, 0.0376
10.0800,-0.8903, 0.3125, -0.0730, 0.0241, -2.4125, 0.8351, -3.1087, 0.7294, -2.8456, 4.8288, -0.1382, -0.0339, 0.2414, -2.7634, -0.6790, 0.1531, 0.0378
10.1100,-0.8903, 0.3125, -0.0717, 0.0259, -2.3702, 0.8940, -3.0295, 0.8479, -2.7758, 5.0953, -0.1349, -0.0342, 0.2527, -2.6891, -0.6882, 0.1556, 0.0408
10.1400,-0.8742, 0.3317, -0.0712, 0.0267, -2.3738, 0.8885, -3.0388, 0.8358, -2.7180, 5.2803, -0.1314, -0.0346, 0.2640, -2.6271, -0.6972, 0.1582, 0.0437
10.1700,-0.8742, 0.3317, -0.0705, 0.0275, -2.3287, 0.9452, -3.0388, 0.8358, -2.7112, 5.3564, -0.1310, -0.0355, 0.2666, -2.6204, -0.7120, 0.1584, 0.0435
10.2000,-0.8571, 0.3499, -0.0699, 0.0283, -2.3306, 0.9429, -2.9925, 0.8957, -2.6487, 5.5189, -0.1292, -0.0354, 0.2719, -2.5543, -0.7009, 0.1597, 0.0451
10.2300,-0.8392, 0.3673, -0.0692, 0.0291, -2.2830, 0.9970, -2.9965, 0.8907, -2.6355, 5.6041, -0.1270, -0.0361, 0.2789, -2.5395, -0.7232, 0.1614, 0.0465
10.2600,-0.8392, 0.3673, -0.0671, 0.0314, -2.2372, 1.0437, -2.9038, 0.9923, -2.5759, 5.7417, -0.1252, -0.0360, 0.2836, -2.4754, -0.7124, 0.1628, 0.0480
10.2900,-0.8204, 0.3838, -0.0671, 0.0314, -2.1847, 1.0926, -2.9038, 0.9923, -2.4887, 5.9842, -0.1200, -0.0357, 0.2956, -2.3984, -0.7193, 0.1670, 0.0517
10.3200,-0.8204, 0.3838, -0.0656, 0.0327, -2.1868, 1.0906, -2.8628, 1.0314, -2.4973, 5.9887, -0.1191, -0.0366, 0.2993, -2.3864, -0.7361, 0.1675, 0.0518
10.3500,-0.8008, 0.3994, -0.0648, 0.0334, -2.1322, 1.1366, -2.8628, 1.0314, -2.4209, 6.1451, -0.1161, -0.0360, 0.3050, -2.3210, -0.7236, 0.1701, 0.0541
10.3800,-0.7805, 0.4139, -0.0631, 0.0347, -2.0755, 1.1796, -2.8133, 1.0725, -2.3572, 6.2437, -0.1139, -0.0361, 0.3097, -2.2468, -0.7129, 0.1718, 0.0554
10.4100,-0.7805, 0.4139, -0.0623, 0.0353, -2.0804, 1.1754, -2.7569, 1.1156, -2.2698, 6.4062, -0.1085, -0.0352, 0.3181, -2.1687, -0.7070, 0.1765, 0.0586
10.4400,-0.7595, 0.4274, -0.0615, 0.0359, -2.0216, 1.2155, -2.7729, 1.1032, -2.2845, 6.4005, -0.1081, -0.0358, 0.3202, -2.1683, -0.7193, 0.1767, 0.0586
10.4700,-0.7595, 0.4274, -0.0615, 0.0359, -2.0216, 1.2155, -2.7124, 1.1449, -2.2081, 6.4914, -0.1051, -0.0349, 0.3233, -2.1009, -0.7002, 0.1794, 0.0604
10.5000,-0.7378, 0.4398, -0.0607, 0.0364, -2.0240, 1.2138, -2.7206, 1.1394, -2.2147, 6.4916, -0.1048, -0.0352, 0.3246, -2.0991, -0.7063, 0.1795, 0.0604
10.5300,-0.7155, 0.4512, -0.0598, 0.0370, -1.9635, 1.2506, -2.6571, 1.1781, -2.2152, 6.4918, -0.1050, -0.0353, 0.3246, -2.0995, -0.7065, 0.1794, 0.0604
10.5600,-0.7155, 0.4512, -0.0580, 0.0380, -1.9015, 1.2841, -2.5943, 1.2118, -2.1427, 6.5466, -0.1033, -0.0347, 0.3260, -2.0308, -0.6833, 0.1809, 0.0613
10.5900,-0.6927, 0.4614, -0.0571, 0.0385, -1.9068, 1.2808, -2.6117, 1.2017, -2.0611, 6.6256, -0.0978, -0.0333, 0.3303, -1.9562, -0.6674, 0.1860, 0.0640
10.6200,-0.6694, 0.4704, -0.0543, 0.0397, -1.7780, 1.3378, -2.5451, 1.2335, -2.0788, 6.6194, -0.0979, -0.0336, 0.3311, -1.9658, -0.6761, 0.1858, 0.0639
10.6500,-0.6694, 0.4704, -0.0543, 0.0397, -1.7780, 1.3378, -2.5451, 1.2335, -2.0035, 6.6540, -0.0949, -0.0326, 0.3323, -1.8968, -0.6531, 0.1887, 0.0652
10.6800,-0.6456, 0.4783, -0.0525, 0.0404, -1.7174, 1.3585, -2.4829, 1.2588, -1.9356, 6.6690, -0.0931, -0.0322, 0.3331, -1.8295, -0.6322, 0.1904, 0.0659
10.7100,-0.6456, 0.4783, -0.0525, 0.0404, -1.7174, 1.3585, -2.4220, 1.2794, -1.8698, 6.6720, -0.0883, -0.0306, 0.3336, -1.7668, -0.6121, 0.1951, 0.0676
10.7400,-0.6216, 0.4850, -0.0516, 0.0407, -1.7201, 1.3575, -2.4355, 1.2742, -1.8840, 6.6711, -0.0890, -0.0308, 0.3336, -1.7802, -0.6169, 0.1945, 0.0674
10.7700,-0.5972, 0.4905, -0.0506, 0.0410, -1.6530, 1.3772, -2.3636, 1.2955, -1.8092, 6.6599, -0.0855, -0.0296, 0.3330, -1.7097, -0.5919, 0.1980, 0.0685
10.8000,-0.5972, 0.4905, -0.0486, 0.0416, -1.5851, 1.3933, -2.3740, 1.2922, -1.8215, 6.6565, -0.0861, -0.0298, 0.3328, -1.7215, -0.5952, 0.1975, 0.0683
10.8300,-0.5725, 0.4947, -0.0476, 0.0418, -1.5909, 1.3916, -2.2986, 1.3105, -1.7443, 6.6319, -0.0824, -0.0285, 0.3316, -1.6489, -0.5689, 0.2012, 0.0692
10.8600,-0.5725, 0.4947, -0.0467, 0.0419, -1.5222, 1.4041, -2.2411, 1.3196, -1.6935, 6.5796, -0.0800, -0.0274, 0.3293, -1.6024, -0.5480, 0.2039, 0.0696
10.8900,-0.5477, 0.4977, -0.0457, 0.0421, -1.5249, 1.4036, -2.2487, 1.3184, -1.7022, 6.5807, -0.0805, -0.0275, 0.3290, -1.6109, -0.5500, 0.2034, 0.0694
10.9200,-0.5228, 0.4995, -0.0447, 0.0422, -1.4558, 1.4124, -2.1752, 1.3280, -1.6342, 6.5191, -0.0773, -0.0262, 0.3263, -1.5478, -0.5243, 0.2069, 0.0699
10.9500,-0.5228, 0.4995, -0.0426, 0.0424, -1.3864, 1.4174, -2.1855, 1.3265, -1.6457, 6.5217, -0.0780, -0.0264, 0.3261, -1.5590, -0.5271, 0.2062, 0.0697
10.9800,-0.4978, 0.5000, -0.0417, 0.0425, -1.3924, 1.4168, -2.1114, 1.3324, -1.5791, 6.4460, -0.0747, -0.0251, 0.3227, -1.4974, -0.5014, 0.2098, 0.0701
11.0100,-0.4978, 0.5000, -0.0407, 0.0425, -1.3227, 1.4182, -2.1217, 1.3314, -1.5908, 6.4497, -0.0754, -0.0252, 0.3225, -1.5088, -0.5040, 0.2091, 0.0699
11.0400,-0.4728, 0.4993, -0.0397, 0.0425, -1.3255, 1.4182, -2.0470, 1.3334, -1.5258, 6.3600, -0.0723, -0.0239, 0.3185, -1.4488, -0.4784, 0.2127, 0.0700
11.0700,-0.4479, 0.4973, -0.0387, 0.0425, -1.2559, 1.4158, -2.0574, 1.3330, -1.5374, 6.3650, -0.0730, -0.0240, 0.3182, -1.4603, -0.4809, 0.2119, 0.0698
11.1000,-0.4479, 0.4973, -0.0366, 0.0424, -1.1866, 1.4098, -1.9828, 1.3311, -1.4745, 6.2621, -0.0699, -0.0228, 0.3136, -1.4023, -0.4556, 0.2155, 0.0698
11.1300,-0.4231, 0.4941, -0.0357, 0.0423, -1.1926, 1.4102, -1.9176, 1.3249, -1.4163, 6.1705, -0.0674, -0.0217, 0.3085, -1.3485, -0.4332, 0.2184, 0.0694
11.1600,-0.4231, 0.4941, -0.0337, 0.0420, -1.1262, 1.4009, -1.8577, 1.3161, -1.3803, 6.0349, -0.0656, -0.0206, 0.3024, -1.3175, -0.4119, 0.2208, 0.0687
11.1900,-0.3985, 0.4896, -0.0328, 0.0418, -1.0578, 1.3875, -1.8644, 1.3181, -1.3884, 6.0419, -0.0663, -0.0206, 0.3021, -1.3256, -0.4129, 0.2201, 0.0686
11.2200,-0.3742, 0.4839, -0.0307, 0.0414, -0.9900, 1.3704, -1.8011, 1.3064, -1.3321, 5.9022, -0.0634, -0.0195, 0.2957, -1.2740, -0.3891, 0.2235, 0.0680
11.2500,-0.3742, 0.4839, -0.0298, 0.0411, -0.9960, 1.3719, -1.8011, 1.3064, -1.3432, 5.9126, -0.0643, -0.0195, 0.2956, -1.2851, -0.3910, 0.2227, 0.0679
11.2800,-0.3501, 0.4770, -0.0289, 0.0408, -0.9290, 1.3512, -1.6685, 1.2701, -1.2885, 5.7622, -0.0615, -0.0184, 0.2888, -1.2349, -0.3677, 0.2261, 0.0670
11.3100,-0.3501, 0.4770, -0.0279, 0.0405, -0.9316, 1.3521, -1.6761, 1.2733, -1.2388, 5.6393, -0.0594, -0.0175, 0.2820, -1.1888, -0.3483, 0.2287, 0.0660
11.3400,-0.3265, 0.4689, -0.0279, 0.0405, -0.9316, 1.3521, -1.6761, 1.2733, -1.2562, 5.6297, -0.0603, -0.0175, 0.2815, -1.2068, -0.3491, 0.2279, 0.0659
11.3700,-0.3033, 0.4597, -0.0270, 0.0402, -0.8658, 1.3280, -1.6150, 1.2519, -1.1949, 5.4833, -0.0574, -0.0165, 0.2742, -1.1491, -0.3277, 0.2314, 0.0647
11.4000,-0.3033, 0.4597, -0.0241, 0.0390, -0.8069, 1.3027, -1.5416, 1.2222, -1.2164, 5.4729, -0.0585, -0.0164, 0.2737, -1.1712, -0.3288, 0.2303, 0.0646
11.4300,-0.2805, 0.4493, -0.0233, 0.0386, -0.7436, 1.2717, -1.5552, 1.2277, -1.1540, 5.3110, -0.0556, -0.0155, 0.2656, -1.1123, -0.3074, 0.2339, 0.0633
11.4600,-0.2805, 0.4493, -0.0223, 0.0382, -0.7461, 1.2730, -1.5552, 1.2277, -1.1786, 5.3091, -0.0569, -0.0155, 0.2655, -1.1373, -0.3092, 0.2326, 0.0632
11.4900,-0.2583, 0.4377, -0.0215, 0.0377, -0.6844, 1.2386, -1.4312, 1.1641, -1.1199, 5.1437, -0.0541, -0.0146, 0.2572, -1.0819, -0.2893, 0.2361, 0.0617
11.5200,-0.2368, 0.4251, -0.0196, 0.0366, -0.6244, 1.2010, -1.3711, 1.1287, -1.1013, 4.9336, -0.0530, -0.0136, 0.2475, -1.0675, -0.2706, 0.2378, 0.0599
11.5500,-0.2368, 0.4251, -0.0188, 0.0361, -0.6297, 1.2044, -1.3814, 1.1363, -1.0539, 4.7644, -0.0511, -0.0128, 0.2382, -1.0231, -0.2530, 0.2404, 0.0580
11.5800,-0.2159, 0.4114, -0.0180, 0.0355, -0.5714, 1.1635, -1.3783, 1.1359, -1.0741, 4.7679, -0.0522, -0.0127, 0.2384, -1.0437, -0.2536, 0.2393, 0.0582
11.6100,-0.2159, 0.4114, -0.0172, 0.0349, -0.5737, 1.1653, -1.3181, 1.0933, -1.0711, 4.7643, -0.0520, -0.0126, 0.2382, -1.0408, -0.2528, 0.2395, 0.0581
11.6400,-0.1956, 0.3967, -0.0164, 0.0343, -0.5176, 1.1215, -1.2672, 1.0541, -1.0356, 4.5463, -0.0501, -0.0118, 0.2281, -1.0086, -0.2350, 0.2421, 0.0560
11.6700,-0.1762, 0.3810, -0.0147, 0.0329, -0.4635, 1.0747, -1.2734, 1.0605, -0.9971, 4.3751, -0.0486, -0.0111, 0.2188, -0.9724, -0.2205, 0.2443, 0.0540
11.7000,-0.1762, 0.3810, -0.0140, 0.0323, -0.4683, 1.0790, -1.2121, 1.0093, -1.0131, 4.3713, -0.0494, -0.0110, 0.2186, -0.9890, -0.2197, 0.2434, 0.0541
11.7300,-0.1576, 0.3643, -0.0133, 0.0316, -0.4164, 1.0293, -1.2235, 1.0191, -0.9644, 4.1602, -0.0471, -0.0103, 0.2080, -0.9426, -0.2041, 0.2464, 0.0516
11.7600,-0.1576, 0.3643, -0.0125, 0.0309, -0.4185, 1.0314, -1.1661, 0.9666, -0.9863, 4.1668, -0.0483, -0.0102, 0.2083, -0.9654, -0.2039, 0.2452, 0.0518
11.7900,-0.1398, 0.3468, -0.0118, 0.0302, -0.3691, 0.9791, -1.1187, 0.9160, -0.9410, 3.9563, -0.0471, -0.0100, 0.2031, -0.9206, -0.1946, 0.2467, 0.0505
11.8200,-0.1229, 0.3283, -0.0104, 0.0286, -0.3222, 0.9243, -1.1187, 0.9160, -0.9297, 3.6912, -0.0450, -0.0089, 0.1863, -0.9000, -0.1750, 0.2498, 0.0467
11.8500,-0.1229, 0.3283, -0.0097, 0.0278, -0.3264, 0.9293, -1.0802, 0.8752, -0.8992, 3.5031, -0.0449, -0.0084, 0.1799, -0.8839, -0.1650, 0.2502, 0.0453
11.8800,-0.1070, 0.3091, -0.0091, 0.0270, -0.2820, 0.8719, -1.0351, 0.8184, -0.9113, 3.4997, -0.0449, -0.0079, 0.1750, -0.8972, -0.1587, 0.2506, 0.0443
11.9100,-0.1070, 0.3091, -0.0085, 0.0262, -0.2837, 0.8744, -1.0382, 0.8227, -0.8768, 3.2868, -0.0440, -0.0078, 0.1697, -0.8634, -0.1526, 0.2517, 0.0429
11.9400,-0.0920, 0.2890, -0.0079, 0.0253, -0.2422, 0.8148, -0.9962, 0.7645, -0.8904, 3.2691, -0.0439, -0.0073, 0.1636, -0.8777, -0.1452, 0.2521, 0.0416
11.9700,-0.0781, 0.2683, -0.0067, 0.0235, -0.2035, 0.7531, -0.9570, 0.7017, -0.8585, 3.0546, -0.0431, -0.0071, 0.1581, -0.8471, -0.1397, 0.2531, 0.0401
12.0000,-0.0781, 0.2683, -0.0062, 0.0227, -0.2070, 0.7588, -0.9661, 0.7188, -0.8498, 2.7608, -0.0415, -0.0062, 0.1399, -0.8301, -0.1223, 0.2556, 0.0356
12.0300,-0.0652, 0.2469, -0.0057, 0.0218, -0.1712, 0.6950, -0.9266, 0.6516, -0.8580, 2.8164, -0.0423, -0.0059, 0.1394, -0.8498, -0.1181, 0.2548, 0.0358
12.0600,-0.0652, 0.2469, -0.0052, 0.0209, -0.1726, 0.6977, -0.9317, 0.6602, -0.8349, 2.5518, -0.0409, -0.0057, 0.1292, -0.8184, -0.1112, 0.2566, 0.0330
12.0900,-0.0534, 0.2248, -0.0047, 0.0199, -0.1399, 0.6322, -0.9317, 0.6602, -0.8401, 2.5780, -0.0415, -0.0053, 0.1282, -0.8333, -0.1069, 0.2560, 0.0330
12.1200,-0.0427, 0.2022, -0.0038, 0.0180, -0.1103, 0.5650, -0.8684, 0.5280, -0.8207, 2.3073, -0.0403, -0.0051, 0.1170, -0.8063, -0.0996, 0.2577, 0.0299
12.1500,-0.0427, 0.2022, -0.0033, 0.0170, -0.1130, 0.5712, -0.8684, 0.5280, -0.8018, 2.0814, -0.0403, -0.0047, 0.1097, -0.7965, -0.0923, 0.2579, 0.0282
12.1800,-0.0332, 0.1791, -0.0030, 0.0161, -0.0865, 0.5024, -0.8706, 0.5367, -0.8097, 2.0829, -0.0402, -0.0042, 0.1045, -0.8053, -0.0847, 0.2582, 0.0271
12.2100,-0.0332, 0.1791, -0.0026, 0.0151, -0.0876, 0.5053, -0.8439, 0.4684, -0.7906, 1.8454, -0.0393, -0.0040, 0.0923, -0.7868, -0.0775, 0.2594, 0.0236
12.2400,-0.0248, 0.1556, -0.0023, 0.0141, -0.0644, 0.4354, -0.8474, 0.4789, -0.7995, 1.8503, -0.0398, -0.0037, 0.0925, -0.7961, -0.0738, 0.2589, 0.0240
12.2700,-0.0176, 0.1316, -0.0016, 0.0120, -0.0445, 0.3643, -0.8218, 0.4047, -0.7809, 1.5962, -0.0389, -0.0035, 0.0798, -0.7780, -0.0672, 0.2602, 0.0204
12.3000,-0.0176, 0.1316, -0.0014, 0.0110, -0.0464, 0.3708, -0.8037, 0.3381, -0.7793, 1.3035, -0.0387, -0.0027, 0.0660, -0.7776, -0.0521, 0.2606, 0.0171
12.3300,-0.0117, 0.1073, -0.0011, 0.0100, -0.0299, 0.2986, -0.8061, 0.3521, -0.7815, 1.3461, -0.0390, -0.0026, 0.0673, -0.7798, -0.0517, 0.2603, 0.0176
12.3600,-0.0117, 0.1073, -0.0009, 0.0090, -0.0305, 0.3016, -0.7881, 0.2751, -0.7720, 1.0590, -0.0384, -0.0022, 0.0538, -0.7708, -0.0421, 0.2611, 0.0139
12.3900,-0.0069, 0.0828, -0.0007, 0.0080, -0.0174, 0.2288, -0.7904, 0.2865, -0.7741, 1.0930, -0.0387, -0.0021, 0.0546, -0.7730, -0.0416, 0.2609, 0.0143
12.4200,-0.0034, 0.0581, -0.0004, 0.0058, -0.0077, 0.1553, -0.7673, 0.1403, -0.7667, 0.8044, -0.0382, -0.0017, 0.0410, -0.7660, -0.0321, 0.2615, 0.0106
12.4500,-0.0034, 0.0581, -0.0002, 0.0048, -0.0087, 0.1621, -0.7673, 0.1403, -0.7610, 0.5703, -0.0380, -0.0014, 0.0285, -0.7605, -0.0261, 0.2619, 0.0071
12.4800,-0.0011, 0.0332, -0.0002, 0.0038, -0.0025, 0.0880, -0.7619, 0.0757, -0.7639, 0.5910, -0.0382, -0.0011, 0.0295, -0.7636, -0.0225, 0.2617, 0.0077
12.5100,-0.0011, 0.0332, -0.0001, 0.0027, -0.0027, 0.0912, -0.7628, 0.0874, -0.7593, 0.3273, -0.0380, -0.0010, 0.0164, -0.7591, -0.0174, 0.2620, 0.0039
12.5400,-0.0001, 0.0082, -0.0000, 0.0016, 0.0000, 0.0170, -0.7596, 0.0085, -0.7612, 0.3335, -0.0381, -0.0006, 0.0167, -0.7611, -0.0127, 0.2619, 0.0044
12.5700,-0.0003, -0.0168, -0.0000, -0.0006, -0.0007, -0.0571, -0.7596, 0.0085, -0.7594, 0.0707, -0.0380, -0.0005, 0.0035, -0.7593, -0.0077, 0.2620, 0.0006
12.6000,-0.0003, -0.0168, -0.0000, -0.0016, -0.0008, -0.0503, -0.7605, -0.0462, -0.7600, -0.2269, -0.0380, 0.0002, -0.0105, -0.7600, 0.0074, 0.2620, -0.0029
12.6300,-0.0017, -0.0418, -0.0001, -0.0026, -0.0050, -0.1245, -0.7650, -0.1254, -0.7600, -0.1828, -0.0380, 0.0004, -0.0091, -0.7599, 0.0078, 0.2620, -0.0023
12.6600,-0.0017, -0.0418, -0.0001, -0.0037, -0.0048, -0.1213, -0.7644, -0.1137, -0.7621, -0.4741, -0.0381, 0.0007, -0.0229, -0.7619, 0.0168, 0.2618, -0.0061
12.6900,-0.0045, -0.0666, -0.0003, -0.0047, -0.0125, -0.1951, -0.7644, -0.1137, -0.7615, -0.4394, -0.0381, 0.0009, -0.0220, -0.7613, 0.0174, 0.2619, -0.0057
12.7200,-0.0084, -0.0913, -0.0005, -0.0070, -0.0236, -0.2683, -0.7835, -0.2605, -0.7655, -0.7297, -0.0383, 0.0012, -0.0357, -0.7650, 0.0267, 0.2615, -0.0095
12.7500,-0.0084, -0.0913, -0.0007, -0.0079, -0.0228, -0.2615, -0.7835, -0.2605, -0.7735, -0.9629, -0.0386, 0.0015, -0.0481, -0.7728, 0.0327, 0.2610, -0.0129
12.7800,-0.0136, -0.1158, -0.0009, -0.0089, -0.0374, -0.3342, -0.7818, -0.2461, -0.7693, -0.9424, -0.0384, 0.0018, -0.0472, -0.7684, 0.0363, 0.2613, -0.0123
12.8100,-0.0136, -0.1158, -0.0011, -0.0100, -0.0368, -0.3311, -0.7976, -0.3237, -0.7815, -1.2030, -0.0390, 0.0020, -0.0602, -0.7804, 0.0419, 0.2604, -0.0161
12.8400,-0.0200, -0.1399, -0.0014, -0.0110, -0.0547, -0.4028, -0.8149, -0.3885, -0.7751, -1.1978, -0.0387, 0.0023, -0.0599, -0.7737, 0.0464, 0.2608, -0.0156
12.8700,-0.0276, -0.1637, -0.0020, -0.0131, -0.0760, -0.4735, -0.8149, -0.3885, -0.7902, -1.4552, -0.0394, 0.0025, -0.0728, -0.7885, 0.0524, 0.2598, -0.0193
12.9000,-0.0276, -0.1637, -0.0023, -0.0141, -0.0743, -0.4668, -0.8325, -0.4404, -0.7931, -1.7469, -0.0397, 0.0033, -0.0865, -0.7902, 0.0678, 0.2592, -0.0226
12.9300,-0.0363, -0.1871, -0.0026, -0.0150, -0.0989, -0.5364, -0.8325, -0.4404, -0.7909, -1.7044, -0.0394, 0.0034, -0.0852, -0.7879, 0.0682, 0.2595, -0.0221
12.9600,-0.0363, -0.1871, -0.0030, -0.0160, -0.0979, -0.5335, -0.8555, -0.5036, -0.8047, -1.9861, -0.0402, 0.0038, -0.0985, -0.8009, 0.0784, 0.2583, -0.0257
12.9900,-0.0463, -0.2101, -0.0034, -0.0170, -0.1256, -0.6015, -0.8856, -0.5759, -0.8014, -1.9533, -0.0399, 0.0040, -0.0977, -0.7975, 0.0788, 0.2587, -0.0253
13.0200,-0.0573, -0.2325, -0.0042, -0.0190, -0.1566, -0.6680, -0.9151, -0.6378, -0.8171, -2.2318, -0.0408, 0.0044, -0.1108, -0.8121, 0.0896, 0.2573, -0.0288
13.0500,-0.0573, -0.2325, -0.0047, -0.0199, -0.1540, -0.6617, -0.9151, -0.6378, -0.8384, -2.4524, -0.0416, 0.0048, -0.1226, -0.8327, 0.0980, 0.2561, -0.0319
13.0800,-0.0695, -0.2543, -0.0051, -0.0208, -0.1881, -0.7266, -0.9475, -0.6937, -0.8275, -2.4355, -0.0411, 0.0050, -0.1218, -0.8214, 0.1006, 0.2567, -0.0314
13.1100,-0.0695, -0.2543, -0.0056, -0.0218, -0.1867, -0.7239, -0.9420, -0.6836, -0.8562, -2.6790, -0.0425, 0.0053, -0.1340, -0.8492, 0.1092, 0.2548, -0.0347
13.1400,-0.0828, -0.2755, -0.0062, -0.0227, -0.2237, -0.7867, -0.9817, -0.7499, -0.8423, -2.6777, -0.0421, 0.0055, -0.1339, -0.8348, 0.1125, 0.2552, -0.0345
13.1700,-0.0971, -0.2960, -0.0073, -0.0245, -0.2636, -0.8475, -1.0249, -0.8165, -0.8728, -2.9143, -0.0421, 0.0055, -0.1339, -0.8348, 0.1125, 0.2552, -0.0345
13.2000,-0.0971, -0.2960, -0.0079, -0.0253, -0.2603, -0.8417, -1.0232, -0.8133, -0.9067, -3.1534, -0.0421, 0.0055, -0.1339, -0.8348, 0.1125, 0.2552, -0.0345
13.2300,-0.1124, -0.3158, -0.0084, -0.0261, -0.3030, -0.9004, -1.0677, -0.8745, -0.9054, -3.1420, -0.0421, 0.0055, -0.1339, -0.8348, 0.1125, 0.2552, -0.0345
13.2600,-0.1124, -0.3158, -0.0091, -0.0270, -0.3013, -0.8980, -1.0677, -0.8746, -0.9414, -3.3640, -0.0421, 0.0055, -0.1339, -0.8348, 0.1125, 0.2552, -0.0345
13.2900,-0.1286, -0.3348, -0.0097, -0.0278, -0.3467, -0.9542, -1.1150, -0.9333, -0.9414, -3.3645, -0.0421, 0.0055, -0.1339, -0.8348, 0.1125, 0.2552, -0.0345
13.3200,-0.1458, -0.3529, -0.0111, -0.0294, -0.3947, -1.0079, -1.1671, -0.9922, -0.9804, -3.5795, -0.0421, 0.0055, -0.1339, -0.8348, 0.1125, 0.2552, -0.0345
13.3500,-0.1458, -0.3529, -0.0118, -0.0302, -0.3906, -1.0028, -1.1649, -0.9893, -1.0241, -3.7971, -0.0421, 0.0055, -0.1339, -0.8348, 0.1125, 0.2552, -0.0345
13.3800,-0.1639, -0.3702, -0.0125, -0.0309, -0.4412, -1.0541, -1.2175, -1.0427, -1.0224, -3.7867, -0.0421, 0.0055, -0.1339, -0.8348, 0.1125, 0.2552, -0.0345
13.4100,-0.1639, -0.3702, -0.0132, -0.0316, -0.4391, -1.0519, -1.2176, -1.0429, -1.0673, -3.9865, -0.0421, 0.0055, -0.1339, -0.8348, 0.1125, 0.2552, -0.0345
13.4400,-0.1828, -0.3865, -0.0140, -0.0323, -0.4919, -1.1003, -1.2725, -1.0934, -1.0674, -3.9870, -0.0421, 0.0055, -0.1339, -0.8348, 0.1125, 0.2552, -0.0345
13.4700,-0.2025, -0.4019, -0.0156, -0.0337, -0.5469, -1.1458, -1.3322, -1.1432, -1.1151, -4.1783, -0.0421, 0.0055, -0.1339, -0.8348, 0.1125, 0.2552, -0.0345
13.5000,-0.2025, -0.4019, -0.0163, -0.0343, -0.5422, -1.1414, -1.3297, -1.1408, -1.1676, -4.3696, -0.0421, 0.0055, -0.1339, -0.8348, 0.1125, 0.2552, -0.0345
13.5300,-0.2230, -0.4163, -0.0171, -0.0349, -0.5993, -1.1840, -1.3891, -1.1852, -1.1655, -4.3604, -0.0421, 0.0055, -0.1339, -0.8348, 0.1125, 0.2552, -0.0345
13.5600,-0.2230, -0.4163, -0.0179, -0.0355, -0.5970, -1.1823, -1.3892, -1.1853, -1.2184, -4.5335, -0.0421, 0.0055, -0.1339, -0.8348, 0.1125, 0.2552, -0.0345
13.5900,-0.2441, -0.4296, -0.0188, -0.0361, -0.6560, -1.2217, -1.3892, -1.1853, -1.2185, -4.5339, -0.0421, 0.0055, -0.1339, -0.8348, 0.1125, 0.2552, -0.0345
13.6200,-0.2659, -0.4418, -0.0206, -0.0372, -0.7167, -1.2579, -1.4506, -1.2265, -1.2185, -4.5339, -0.0421, 0.0055, -0.1339, -0.8348, 0.1125, 0.2552, -0.0345
13.6500,-0.2659, -0.4418, -0.0214, -0.0377, -0.7115, -1.2544, -1.5165, -1.2662, -1.2739, -4.6972, -0.0421, 0.0055, -0.1339, -0.8348, 0.1125, 0.2552, -0.0345
13.6800,-0.2883, -0.4530, -0.0223, -0.0381, -0.7740, -1.2874, -1.5138, -1.2642, -1.3339, -4.8578, -0.0421, 0.0055, -0.1339, -0.8348, 0.1125, 0.2552, -0.0345
13.7100,-0.2883, -0.4530, -0.0232, -0.0386, -0.7715, -1.2860, -1.5787, -1.2986, -1.3314, -4.8500, -0.0421, 0.0055, -0.1339, -0.8348, 0.1125, 0.2552, -0.0345
13.7400,-0.3112, -0.4630, -0.0241, -0.0390, -0.8353, -1.3156, -1.5788, -1.2987, -1.3912, -4.9926, -0.0421, 0.0055, -0.1339, -0.8348, 0.1125, 0.2552, -0.0345
13.7700,-0.3346, -0.4718, -0.0260, -0.0399, -0.9004, -1.3418, -1.6453, -1.3296, -1.3913, -4.9929, -0.0421, 0.0055, -0.1339, -0.8348, 0.1125, 0.2552, -0.0345
13.8000,-0.3346, -0.4718, -0.0269, -0.0402, -0.8948, -1.3392, -1.7161, -1.3583, -1.4531, -5.1246, -0.0421, 0.0055, -0.1339, -0.8348, 0.1125, 0.2552, -0.0345
13.8300,-0.3584, -0.4795, -0.0278, -0.0405, -0.9612, -1.3619, -1.7130, -1.3568, -1.5193, -5.2510, -0.0421, 0.0055, -0.1339, -0.8348, 0.1125, 0.2552, -0.0345
13.8600,-0.3584, -0.4795, -0.0288, -0.0408, -0.9586, -1.3609, -1.7821, -1.3805, -1.5165, -5.2447, -0.0421, 0.0055, -0.1339, -0.8348, 0.1125, 0.2552, -0.0345
13.8900,-0.3825, -0.4860, -0.0298, -0.0411, -1.0258, -1.3800, -1.7822, -1.3805, -1.5818, -5.3535, -0.0421, 0.0055, -0.1339, -0.8348, 0.1125, 0.2552, -0.0345
13.9200,-0.4070, -0.4913, -0.0318, -0.0416, -1.0939, -1.3955, -1.8523, -1.4005, -1.5819, -5.3538, -0.0421, 0.0055, -0.1339, -0.8348, 0.1125, 0.2552, -0.0345
13.9500,-0.4070, -0.4913, -0.0327, -0.0418, -1.0880, -1.3939, -1.9262, -1.4175, -1.6487, -5.4508, -0.0421, 0.0055, -0.1339, -0.8348, 0.1125, 0.2552, -0.0345
13.9800,-0.4316, -0.4953, -0.0337, -0.0420, -1.1568, -1.4057, -1.9230, -1.4166, -1.7197, -5.5401, -0.0421, 0.0055, -0.1339, -0.8348, 0.1125, 0.2552, -0.0345
14.0100,-0.4316, -0.4953, -0.0347, -0.0422, -1.1541, -1.4053, -1.9947, -1.4290, -1.7167, -5.5355, -0.0421, 0.0055, -0.1339, -0.8348, 0.1125, 0.2552, -0.0345
